,Rk,Player,Nation,Pos,Squad,Age,MP,90s,PrgC,PrgP,Ast,NPG,xAG,npxG,Key_Passes,Crosses_Completed,Through_Balls,SCA90,GCA90,Touches_in_Box,Succ Dribbles%
0,1,Max Aarons,ENG,DF,Bournemouth,24,3,1.0,1.0,8.0,0.0,0.0,0.0,0.0,0.0,0.0,0.0,2.09,0.0,0.0,0.0
1,2,Joshua Acheampong,ENG,DF,Chelsea,18,4,1.9,0.0,8.0,0.0,0.0,0.0,0.12,0.0,0.0,0.0,1.06,0.0,3.0,50.0
2,3,Tyler Adams,USA,MF,Bournemouth,25,28,21.8,14.0,76.0,0.14,0.0,0.05,0.07,0.8256880733944953,0.04587155963302752,0.09174311926605504,1.88,0.18,18.0,22.2
3,4,Tosin Adarabioyo,ENG,DF,Chelsea,26,22,15.7,5.0,42.0,0.06,0.06,0.01,0.06,0.06369426751592357,0.0,0.12738853503184713,0.96,0.06,14.0,66.7
4,5,Simon Adingra,CIV,"FW,MF",Brighton,22,29,12.2,50.0,18.0,0.16,0.16,0.2,0.2,1.3114754098360657,0.49180327868852464,0.1639344262295082,3.86,0.57,76.0,42.0
5,6,Emmanuel Agbadou,CIV,DF,Wolves,27,16,15.7,6.0,31.0,0.0,0.06,0.02,0.05,0.25477707006369427,0.0,0.06369426751592357,1.09,0.19,7.0,76.9
6,7,Asher Agbinone,ENG,MF,Crystal Palace,18,2,0.1,2.0,0.0,0.0,0.0,0.5,0.29,10.0,0.0,0.0,15.0,0.0,0.0,0.0
7,8,Ola Aina,NGA,DF,Nott'ham Forest,27,35,33.3,67.0,107.0,0.03,0.06,0.04,0.02,0.48048048048048053,0.3303303303303304,0.0,1.86,0.12,22.0,45.8
8,9,Rayan Aït-Nouri,ALG,DF,Wolves,23,37,34.5,89.0,108.0,0.2,0.12,0.16,0.08,1.3333333333333333,0.2898550724637681,0.08695652173913043,2.63,0.35,96.0,46.0
9,10,Kristoffer Ajer,NOR,DF,Brentford,26,24,16.0,27.0,56.0,0.0,0.0,0.08,0.06,0.5,0.25,0.0,1.13,0.13,38.0,43.8
10,11,Manuel Akanji,SUI,DF,Manchester City,29,26,22.4,46.0,158.0,0.0,0.0,0.02,0.07,0.4017857142857143,0.08928571428571429,0.17857142857142858,1.65,0.13,19.0,100.0
11,12,Nathan Aké,NED,DF,Manchester City,29,10,7.5,12.0,50.0,0.0,0.0,0.0,0.03,0.13333333333333333,0.0,0.0,1.06,0.0,5.0,100.0
12,13,Carlos Alcaraz,ARG,MF,Southampton,21,1,0.1,4.0,6.0,0.0,0.0,0.86,0.62,10.0,10.0,0.0,9.0,0.0,2.0,0.0
13,14,Carlos Alcaraz,ARG,"FW,MF",Everton,21,15,8.5,19.0,42.0,0.35,0.24,0.19,0.2,1.5294117647058822,0.35294117647058826,0.11764705882352941,3.89,0.71,19.0,50.0
14,15,Trent Alexander-Arnold,ENG,DF,Liverpool,25,33,26.3,51.0,232.0,0.23,0.11,0.28,0.07,1.9771863117870723,0.7604562737642585,0.45627376425855515,3.73,0.38,44.0,45.9
15,16,Alisson,BRA,GK,Liverpool,31,28,27.9,0.0,1.0,0.0,0.0,0.02,0.0,0.03584229390681004,0.0,0.03584229390681004,0.25,0.04,0.0,100.0
16,17,Miguel Almirón,PAR,FW,Newcastle Utd,30,9,1.7,3.0,6.0,0.0,0.0,0.15,0.3,1.7647058823529411,0.0,0.5882352941176471,4.59,0.0,9.0,50.0
17,18,Olabade Aluko,,DF,Leicester City,,1,0.0,0.0,0.0,0.0,0.0,0.0,0.0,0.0,0.0,0.0,0.0,0.0,0.0,0.0
18,19,Edson Álvarez,MEX,MF,West Ham,26,28,19.7,24.0,85.0,0.05,0.0,0.04,0.02,0.6091370558375635,0.15228426395939088,0.15228426395939088,1.42,0.1,12.0,42.4
19,20,Will Alves,ENG,FW,Leicester City,19,1,0.0,0.0,0.0,0.0,0.0,0.0,0.0,0.0,0.0,0.0,0.0,0.0,0.0,0.0
20,21,Harry Amass,ENG,DF,Manchester Utd,17,5,3.8,9.0,7.0,0.0,0.0,0.01,0.02,0.2631578947368421,0.0,0.0,2.08,0.0,5.0,37.5
21,22,Samuel Amo-Ameyaw,ENG,"FW,DF",Southampton,18,2,0.3,1.0,0.0,0.0,0.0,0.22,0.07,3.3333333333333335,3.3333333333333335,0.0,6.43,0.0,1.0,0.0
22,23,Mathis Amougou,FRA,MF,Chelsea,18,1,0.1,0.0,1.0,0.0,0.0,0.0,0.0,0.0,0.0,0.0,0.0,0.0,0.0,0.0
23,24,Joachim Andersen,DEN,DF,Crystal Palace,28,1,1.0,1.0,4.0,0.0,0.0,0.0,0.04,0.0,0.0,0.0,1.0,0.0,0.0,0.0
24,25,Joachim Andersen,DEN,DF,Fulham,28,29,28.7,16.0,112.0,0.0,0.0,0.02,0.04,0.13937282229965156,0.10452961672473868,0.0,1.23,0.07,22.0,66.7
25,26,Elliot Anderson,ENG,MF,Nott'ham Forest,21,37,30.3,52.0,143.0,0.2,0.07,0.11,0.07,1.221122112211221,0.066006600660066,0.23102310231023102,2.87,0.33,72.0,48.0
26,27,André,BRA,MF,Wolves,23,33,27.5,10.0,109.0,0.0,0.0,0.03,0.02,0.6545454545454545,0.0,0.18181818181818182,1.78,0.11,3.0,50.0
27,28,Michail Antonio,JAM,FW,West Ham,34,14,9.3,29.0,18.0,0.11,0.11,0.17,0.24,0.9677419354838709,0.2150537634408602,0.3225806451612903,2.37,0.43,36.0,33.3
28,29,Antony,BRA,"DF,MF",Manchester Utd,24,8,1.6,5.0,6.0,0.0,0.0,0.08,0.65,1.875,1.25,0.0,5.11,0.0,8.0,36.4
29,30,Julian Araujo,MEX,DF,Bournemouth,22,12,5.5,4.0,14.0,0.0,0.0,0.01,0.0,0.18181818181818182,0.36363636363636365,0.0,0.91,0.0,2.0,0.0
30,31,Cameron Archer,ENG,FW,Southampton,23,35,16.0,22.0,14.0,0.0,0.12,0.03,0.31,0.3125,0.0,0.125,1.25,0.0,52.0,40.5
31,32,Alphonse Areola,FRA,GK,West Ham,31,26,25.1,0.0,1.0,0.0,0.0,0.0,0.0,0.0,0.0,0.0,0.12,0.0,0.0,0.0
32,33,Joe Aribo,NGA,"MF,DF",Southampton,28,32,22.4,36.0,75.0,0.0,0.13,0.07,0.12,0.7142857142857143,0.044642857142857144,0.08928571428571429,1.66,0.04,44.0,42.9
33,34,Adam Armstrong,ENG,"FW,MF",Southampton,27,20,13.9,25.0,21.0,0.14,0.14,0.09,0.17,0.6474820143884892,0.14388489208633093,0.0,1.37,0.29,49.0,42.9
34,35,Harrison Armstrong,ENG,MF,Everton,17,3,0.5,1.0,1.0,0.0,0.0,0.14,0.69,2.0,0.0,0.0,1.87,0.0,2.0,100.0
35,36,Kepa Arrizabalaga,ESP,GK,Bournemouth,29,31,31.0,0.0,2.0,0.0,0.0,0.0,0.0,0.03225806451612903,0.0,0.0,0.13,0.0,1.0,100.0
36,37,Marco Asensio,ESP,MF,Aston Villa,28,13,8.3,22.0,45.0,0.12,0.36,0.12,0.35,1.9277108433734937,0.24096385542168672,0.24096385542168672,4.24,0.36,30.0,63.2
37,38,Brandon Austin,ENG,GK,Tottenham,25,1,1.0,0.0,0.0,0.0,0.0,0.0,0.0,0.0,0.0,0.0,0.0,0.0,0.0,0.0
38,39,Taiwo Awoniyi,NGA,FW,Nott'ham Forest,26,26,4.6,6.0,7.0,0.0,0.22,0.02,0.46,0.4347826086956522,0.0,0.2173913043478261,1.95,0.22,21.0,44.4
39,40,Yasin Ayari,SWE,MF,Brighton,20,34,21.8,30.0,75.0,0.05,0.09,0.11,0.11,1.3761467889908257,0.18348623853211007,0.4587155963302752,2.79,0.27,45.0,40.0
40,41,Jordan Ayew,GHA,"FW,MF",Crystal Palace,32,1,0.2,0.0,0.0,0.0,0.0,0.21,1.96,5.0,0.0,0.0,4.29,0.0,1.0,0.0
41,42,Jordan Ayew,GHA,"FW,MF",Leicester City,32,30,18.2,49.0,46.0,0.0,0.22,0.06,0.13,0.8791208791208791,0.38461538461538464,0.16483516483516483,2.25,0.11,55.0,40.6
42,43,Benoît Badiashile,FRA,DF,Chelsea,23,5,3.7,3.0,17.0,0.0,0.0,0.0,0.0,0.0,0.0,0.0,0.0,0.0,0.0,0.0
43,44,Leon Bailey,JAM,"FW,MF",Aston Villa,26,24,12.7,58.0,35.0,0.16,0.08,0.12,0.14,1.2598425196850394,0.15748031496062992,0.3937007874015748,3.01,0.32,70.0,38.6
44,45,Carlos Baleba,CMR,MF,Brighton,20,34,29.6,43.0,118.0,0.03,0.1,0.05,0.1,0.7094594594594594,0.10135135135135134,0.23648648648648649,2.23,0.14,12.0,57.9
45,46,Ross Barkley,ENG,MF,Aston Villa,30,20,6.5,15.0,36.0,0.15,0.46,0.1,0.27,1.3846153846153846,0.0,0.0,2.78,0.46,19.0,75.0
46,47,Harvey Barnes,ENG,FW,Newcastle Utd,26,33,19.5,93.0,83.0,0.21,0.46,0.2,0.37,1.3333333333333333,0.46153846153846156,0.2564102564102564,3.27,0.46,128.0,37.5
47,48,Calvin Bassey,NGA,DF,Fulham,24,35,34.2,39.0,116.0,0.0,0.03,0.0,0.03,0.08771929824561403,0.0,0.0,0.67,0.09,19.0,45.5
48,49,Altay Bayındır,TUR,GK,Manchester Utd,26,4,4.0,0.0,0.0,0.0,0.0,0.0,0.0,0.0,0.0,0.0,0.0,0.0,0.0,0.0
49,50,Jan Bednarek,POL,DF,Southampton,28,30,28.1,5.0,60.0,0.0,0.07,0.02,0.02,0.1779359430604982,0.0,0.0,0.57,0.0,15.0,100.0
50,51,Armel Bella Kotchap,GER,DF,Southampton,22,4,3.7,0.0,5.0,0.0,0.0,0.0,0.09,0.0,0.0,0.0,0.54,0.0,1.0,0.0
51,52,Jean-Ricner Bellegarde,FRA,"MF,FW",Wolves,26,35,18.6,52.0,43.0,0.38,0.11,0.2,0.08,1.4516129032258063,0.4301075268817204,0.26881720430107525,3.06,0.59,48.0,23.0
52,53,Rodrigo Bentancur,URU,MF,Tottenham,27,26,18.3,28.0,100.0,0.0,0.11,0.02,0.07,0.5464480874316939,0.1092896174863388,0.2185792349726776,2.46,0.16,24.0,47.4
53,54,Daniel Bentley,ENG,GK,Wolves,31,2,2.0,0.0,0.0,0.0,0.0,0.0,0.0,0.0,0.0,0.0,0.0,0.0,0.0,0.0
54,55,Sander Berge,NOR,MF,Fulham,26,31,24.7,29.0,124.0,0.0,0.0,0.03,0.01,0.728744939271255,0.0,0.12145748987854252,1.94,0.08,14.0,55.0
55,56,Lucas Bergvall,SWE,MF,Tottenham,18,27,13.5,33.0,49.0,0.07,0.0,0.04,0.05,0.8148148148148148,0.2222222222222222,0.0,1.63,0.3,22.0,46.7
56,57,Victor Bernth Kristiansen,DEN,DF,Leicester City,21,30,27.6,40.0,70.0,0.04,0.0,0.05,0.01,0.6521739130434783,0.6521739130434783,0.036231884057971016,1.52,0.11,17.0,44.4
57,58,Beto,GNB,FW,Everton,26,30,17.0,15.0,16.0,0.0,0.47,0.07,0.48,0.7058823529411765,0.058823529411764705,0.058823529411764705,1.52,0.06,86.0,50.0
58,59,Philip Billing,DEN,MF,Bournemouth,28,10,2.0,3.0,15.0,0.0,0.0,0.54,0.28,4.5,1.0,0.5,7.83,0.0,12.0,33.3
59,60,Yves Bissouma,MLI,MF,Tottenham,27,28,15.6,15.0,75.0,0.0,0.13,0.02,0.04,0.38461538461538464,0.06410256410256411,0.12820512820512822,1.02,0.0,5.0,31.8
60,61,Oscar Bobb,NOR,FW,Manchester City,21,3,0.2,1.0,1.0,0.0,0.0,0.41,0.0,5.0,0.0,0.0,11.25,0.0,0.0,100.0
61,62,Lamare Bogarde,NED,"DF,MF",Aston Villa,20,8,5.3,12.0,14.0,0.0,0.0,0.02,0.01,0.37735849056603776,0.0,0.0,1.89,0.19,4.0,50.0
62,63,Willy Boly,CIV,DF,Nott'ham Forest,33,6,1.7,0.0,2.0,0.0,0.0,0.0,0.04,0.0,0.0,0.0,0.0,0.0,1.0,0.0
63,64,Sven Botman,NED,DF,Newcastle Utd,24,8,4.6,0.0,7.0,0.0,0.0,0.12,0.12,0.4347826086956522,0.0,0.2173913043478261,0.87,0.0,11.0,33.3
64,65,Jarrod Bowen,ENG,"FW,MF",West Ham,27,34,33.0,109.0,91.0,0.24,0.36,0.21,0.24,1.5454545454545454,0.24242424242424243,0.21212121212121213,3.42,0.45,171.0,33.8
65,66,Conor Bradley,NIR,DF,Liverpool,21,19,8.4,35.0,33.0,0.24,0.0,0.17,0.08,0.8333333333333333,0.11904761904761904,0.0,2.27,0.48,43.0,40.0
66,67,Jarrad Branthwaite,ENG,DF,Everton,22,30,27.9,10.0,66.0,0.04,0.0,0.02,0.04,0.10752688172043011,0.0,0.03584229390681004,0.47,0.07,28.0,50.0
67,68,James Bree,ENG,DF,Southampton,26,17,11.9,13.0,34.0,0.08,0.0,0.08,0.01,0.8403361344537815,0.5042016806722689,0.0,1.34,0.08,11.0,50.0
68,69,Ben Brereton,CHI,FW,Southampton,25,10,5.0,12.0,9.0,0.0,0.0,0.02,0.18,0.6,0.2,0.2,1.8,0.0,20.0,25.0
69,70,Nathan Broadhead,WAL,"MF,FW",Ipswich Town,26,18,7.8,20.0,14.0,0.0,0.26,0.09,0.22,0.8974358974358975,0.0,0.38461538461538464,2.82,0.26,21.0,50.0
70,71,Armando Broja,ALB,FW,Everton,22,10,3.7,12.0,2.0,0.0,0.0,0.05,0.03,1.081081081081081,0.0,0.0,1.89,0.0,18.0,50.0
71,72,David Brooks,WAL,"FW,MF",Bournemouth,27,29,10.7,35.0,35.0,0.0,0.19,0.18,0.24,1.869158878504673,0.5607476635514019,0.28037383177570097,4.31,0.19,39.0,32.4
72,73,Emi Buendía,ARG,"MF,FW",Aston Villa,27,12,1.1,3.0,7.0,0.0,0.0,0.02,0.6,0.9090909090909091,0.0,0.9090909090909091,2.76,0.0,3.0,0.0
73,74,Santiago Bueno,URU,DF,Wolves,25,29,18.7,1.0,28.0,0.0,0.0,0.0,0.02,0.0,0.0,0.053475935828877004,0.64,0.21,6.0,0.0
74,75,Facundo Buonanotte,ARG,"FW,MF",Leicester City,19,31,16.9,39.0,54.0,0.12,0.3,0.18,0.23,1.4201183431952664,0.1183431952662722,0.4142011834319527,3.01,0.3,39.0,33.7
75,76,Cameron Burgess,AUS,DF,Ipswich Town,28,18,17.1,2.0,42.0,0.12,0.0,0.03,0.06,0.4093567251461988,0.0,0.05847953216374269,0.82,0.18,24.0,0.0
76,77,Dan Burn,ENG,DF,Newcastle Utd,32,37,37.0,12.0,75.0,0.03,0.03,0.02,0.05,0.24324324324324326,0.0,0.0,0.73,0.11,52.0,75.0
77,78,Wes Burns,WAL,"FW,DF",Ipswich Town,29,18,10.3,38.0,8.0,0.1,0.0,0.16,0.05,0.9708737864077669,0.6796116504854368,0.0,1.55,0.1,18.0,37.5
78,79,Nathan Butler-Oyedeji,ENG,FW,Arsenal,21,1,0.1,0.0,0.0,0.0,0.0,0.0,0.94,0.0,0.0,0.0,0.0,0.0,1.0,0.0
79,80,Moisés Caicedo,ECU,"MF,DF",Chelsea,22,38,37.2,43.0,215.0,0.05,0.03,0.08,0.02,0.8064516129032258,0.05376344086021505,0.3225806451612903,2.63,0.24,15.0,45.3
80,81,Tom Cairney,SCO,MF,Fulham,33,25,7.0,18.0,53.0,0.0,0.29,0.15,0.11,1.5714285714285714,0.42857142857142855,0.0,4.71,0.43,18.0,38.5
81,82,Jens Cajuste,SWE,MF,Ipswich Town,24,30,21.8,26.0,59.0,0.05,0.05,0.04,0.03,0.5963302752293578,0.04587155963302752,0.04587155963302752,1.65,0.09,15.0,52.8
82,83,Riccardo Calafiori,ITA,DF,Arsenal,22,19,10.9,22.0,54.0,0.09,0.18,0.03,0.08,0.5504587155963303,0.09174311926605504,0.0,1.19,0.18,30.0,69.2
83,84,Dominic Calvert-Lewin,ENG,FW,Everton,27,26,17.9,23.0,20.0,0.06,0.17,0.04,0.38,0.3910614525139665,0.0558659217877095,0.0,1.46,0.22,88.0,40.0
84,85,Diego Carlos,BRA,DF,Aston Villa,31,10,9.2,3.0,34.0,0.0,0.0,0.0,0.07,0.0,0.0,0.0,0.43,0.0,6.0,100.0
85,86,Fabio Carvalho,POR,"FW,MF",Brentford,21,19,5.1,9.0,17.0,0.2,0.4,0.13,0.49,0.7843137254901962,0.19607843137254904,0.3921568627450981,1.97,0.2,22.0,14.3
86,87,Casemiro,BRA,MF,Manchester Utd,32,24,16.6,4.0,84.0,0.0,0.06,0.14,0.11,1.325301204819277,0.36144578313253006,0.5421686746987951,3.19,0.24,43.0,50.0
87,88,Kaelan Casey,ENG,DF,West Ham,19,1,0.0,0.0,0.0,0.0,0.0,0.0,0.0,0.0,0.0,0.0,0.0,0.0,0.0,0.0
88,89,Matty Cash,POL,DF,Aston Villa,26,27,23.0,48.0,42.0,0.04,0.04,0.05,0.02,0.43478260869565216,0.21739130434782608,0.0,1.09,0.17,42.0,47.5
89,90,Eiran Cashin,IRL,DF,Brighton,22,2,0.2,0.0,6.0,0.0,0.0,0.0,0.0,0.0,0.0,0.0,4.5,0.0,0.0,0.0
90,91,Timothy Castagne,BEL,DF,Fulham,28,24,18.3,17.0,62.0,0.05,0.0,0.07,0.02,0.4918032786885246,0.16393442622950818,0.0,1.36,0.16,32.0,41.7
91,92,Trevoh Chalobah,ENG,DF,Crystal Palace,25,12,11.8,11.0,34.0,0.0,0.25,0.03,0.1,0.3389830508474576,0.0847457627118644,0.0847457627118644,0.93,0.0,14.0,60.0
92,93,Trevoh Chalobah,ENG,DF,Chelsea,25,13,10.1,4.0,37.0,0.1,0.0,0.12,0.08,0.297029702970297,0.0,0.09900990099009901,1.29,0.3,12.0,40.0
93,94,Conor Chaplin,ENG,"MF,FW",Ipswich Town,27,22,9.5,13.0,29.0,0.11,0.11,0.07,0.16,0.8421052631578947,0.21052631578947367,1.0526315789473684,2.32,0.11,18.0,50.0
94,95,Youssef Chermiti,POR,"FW,MF",Everton,20,4,0.5,0.0,1.0,0.0,0.0,0.0,0.22,0.0,0.0,0.0,0.0,0.0,3.0,100.0
95,96,Federico Chiesa,ITA,FW,Liverpool,26,6,1.2,3.0,3.0,0.0,0.0,0.15,0.28,1.6666666666666667,0.0,0.0,5.0,0.83,4.0,0.0
96,97,Ben Chilwell,ENG,DF,Crystal Palace,27,8,2.9,5.0,8.0,0.0,0.35,0.26,0.08,1.7241379310344829,0.0,0.3448275862068966,2.77,0.0,3.0,33.3
97,98,Chiquinho,POR,MF,Wolves,24,1,0.1,0.0,0.0,0.0,0.0,0.42,0.0,10.0,10.0,0.0,25.71,0.0,1.0,0.0
98,99,Hamza Choudhury,BAN,"MF,DF",Leicester City,26,4,1.5,4.0,3.0,0.0,0.0,0.27,0.0,1.3333333333333333,0.6666666666666666,0.0,2.05,0.0,3.0,75.0
99,100,Ryan Christie,SCO,MF,Bournemouth,29,29,23.5,34.0,137.0,0.13,0.09,0.15,0.08,1.7446808510638299,0.2127659574468085,0.3404255319148936,3.62,0.38,46.0,47.9
100,101,Harry Clarke,ENG,DF,Ipswich Town,23,7,4.2,5.0,14.0,0.0,0.0,0.01,0.02,0.23809523809523808,0.0,0.23809523809523808,0.24,0.0,2.0,50.0
101,102,Jack Clarke,ENG,"FW,MF",Ipswich Town,23,32,13.1,39.0,44.0,0.3,0.0,0.17,0.09,2.1374045801526718,0.0,0.07633587786259542,3.81,0.38,38.0,50.0
102,103,Nathaniel Clyne,ENG,"DF,MF",Crystal Palace,33,13,5.4,6.0,7.0,0.0,0.0,0.06,0.0,0.5555555555555555,0.18518518518518517,0.18518518518518517,0.56,0.0,3.0,0.0
103,104,Conor Coady,ENG,DF,Leicester City,31,22,19.0,3.0,32.0,0.0,0.05,0.0,0.02,0.05263157894736842,0.0,0.10526315789473684,0.32,0.0,8.0,50.0
104,105,Séamus Coleman,IRL,DF,Everton,35,5,2.4,1.0,11.0,0.0,0.0,0.0,0.24,0.0,0.0,0.0,0.84,0.42,3.0,80.0
105,106,Nathan Collins,IRL,DF,Brentford,23,38,38.0,32.0,127.0,0.08,0.05,0.05,0.07,0.2631578947368421,0.05263157894736842,0.07894736842105263,0.79,0.21,69.0,50.0
106,107,Toby Collyer,ENG,MF,Manchester Utd,20,6,2.0,0.0,5.0,0.0,0.0,0.13,0.09,1.0,0.0,0.0,2.5,0.0,3.0,50.0
107,108,Levi Colwill,ENG,DF,Chelsea,21,35,35.0,14.0,131.0,0.03,0.06,0.03,0.05,0.4,0.08571428571428572,0.08571428571428572,1.09,0.09,36.0,50.0
108,109,Lewis Cook,ENG,"MF,DF",Bournemouth,27,36,33.1,33.0,158.0,0.09,0.03,0.12,0.03,1.4501510574018126,0.3323262839879154,0.09063444108761329,2.69,0.15,20.0,65.0
109,110,Maxwel Cornet,CIV,FW,Southampton,27,2,0.8,1.0,0.0,0.0,0.0,0.0,0.2,0.0,0.0,0.0,0.0,0.0,2.0,0.0
110,111,Vladimír Coufal,CZE,DF,West Ham,31,22,11.9,26.0,39.0,0.0,0.0,0.06,0.03,0.6722689075630252,0.6722689075630252,0.0,1.52,0.08,14.0,33.3
111,112,Woyo Coulibaly,MLI,DF,Leicester City,25,4,1.2,4.0,3.0,0.0,0.0,0.0,0.04,0.0,0.0,0.0,0.0,0.0,4.0,0.0
112,113,Aaron Cresswell,ENG,DF,West Ham,34,18,9.2,6.0,36.0,0.0,0.0,0.15,0.03,0.9782608695652175,0.2173913043478261,0.10869565217391305,1.64,0.0,2.0,50.0
113,114,Marc Cucurella,ESP,DF,Chelsea,26,36,33.2,35.0,118.0,0.03,0.15,0.06,0.08,0.5722891566265059,0.09036144578313252,0.06024096385542168,1.54,0.15,75.0,26.7
114,115,Jorge Cuenca,ESP,DF,Fulham,24,8,3.9,0.0,10.0,0.0,0.0,0.0,0.01,0.0,0.0,0.0,0.26,0.0,1.0,100.0
115,116,Matheus Cunha,BRA,"MF,FW",Wolves,25,33,28.9,112.0,144.0,0.21,0.52,0.27,0.3,1.9377162629757787,0.34602076124567477,0.4844290657439447,4.57,0.55,133.0,44.5
116,117,Patson Daka,ZAM,"FW,MF",Leicester City,25,23,8.2,11.0,8.0,0.0,0.12,0.01,0.15,0.12195121951219513,0.0,0.24390243902439027,1.23,0.12,29.0,13.3
117,118,Diogo Dalot,POR,DF,Manchester Utd,25,33,31.3,62.0,103.0,0.1,0.0,0.07,0.07,0.8306709265175719,0.25559105431309903,0.12779552715654952,2.37,0.16,68.0,50.9
118,119,Mikkel Damsgaard,DEN,"MF,FW",Brentford,24,38,32.3,73.0,234.0,0.31,0.06,0.26,0.09,1.9504643962848298,0.5263157894736843,0.8359133126934986,3.71,0.65,76.0,51.5
119,120,Danilo,BRA,"MF,FW",Nott'ham Forest,23,8,3.1,2.0,11.0,0.0,0.0,0.0,0.0,0.0,0.0,0.0,2.31,0.66,0.0,50.0
120,121,Jayden Danns,ENG,MF,Liverpool,18,1,0.1,0.0,0.0,0.0,0.0,0.0,0.0,0.0,0.0,0.0,0.0,0.0,0.0,0.0
121,122,Kevin Danso,AUT,DF,Tottenham,25,10,9.4,11.0,19.0,0.0,0.0,0.01,0.04,0.2127659574468085,0.10638297872340426,0.0,0.96,0.21,8.0,66.7
122,123,Ben Davies,WAL,DF,Tottenham,31,17,14.8,14.0,52.0,0.0,0.0,0.01,0.02,0.13513513513513511,0.0,0.06756756756756756,0.54,0.0,13.0,100.0
123,124,Leif Davis,ENG,DF,Ipswich Town,24,33,30.5,52.0,59.0,0.07,0.03,0.16,0.03,2.0,0.39344262295081966,0.09836065573770492,3.05,0.13,42.0,34.2
124,125,Craig Dawson,ENG,DF,Wolves,34,15,10.8,6.0,20.0,0.0,0.0,0.0,0.05,0.18518518518518517,0.0,0.09259259259259259,0.65,0.19,14.0,20.0
125,126,Kevin De Bruyne,BEL,"MF,FW",Manchester City,33,28,18.9,51.0,157.0,0.37,0.21,0.42,0.27,3.0158730158730163,0.6878306878306879,0.7936507936507937,5.97,0.58,79.0,38.2
126,127,Bobby De Cordova-Reid,JAM,FW,Leicester City,31,23,8.3,14.0,15.0,0.24,0.12,0.15,0.1,0.7228915662650601,0.0,0.0,1.57,0.36,16.0,0.0
127,128,Liam Delap,ENG,FW,Ipswich Town,21,37,28.8,61.0,30.0,0.07,0.35,0.07,0.27,0.7291666666666666,0.0,0.2777777777777778,2.15,0.24,92.0,46.5
128,129,Sepp van den Berg,NED,DF,Brentford,22,31,28.7,12.0,79.0,0.0,0.0,0.03,0.07,0.20905923344947736,0.03484320557491289,0.0,0.77,0.07,48.0,57.1
129,130,Justin Devenny,NIR,MF,Crystal Palace,20,23,5.6,5.0,21.0,0.18,0.18,0.11,0.14,1.25,0.17857142857142858,0.17857142857142858,2.66,0.18,8.0,50.0
130,131,Kiernan Dewsbury-Hall,ENG,"MF,FW",Chelsea,25,13,2.9,5.0,14.0,0.34,0.0,0.36,0.08,1.0344827586206897,0.0,0.0,1.7,0.34,6.0,50.0
131,132,Amad Diallo,CIV,"MF,FW",Manchester Utd,22,26,21.1,109.0,60.0,0.28,0.38,0.23,0.22,2.3222748815165875,0.33175355450236965,0.14218009478672985,4.59,0.85,131.0,46.6
132,133,Rúben Dias,POR,DF,Manchester City,27,27,25.2,43.0,160.0,0.0,0.0,0.01,0.06,0.19841269841269843,0.0,0.0,1.03,0.04,26.0,66.7
133,134,Luis Díaz,COL,FW,Liverpool,27,36,26.7,108.0,110.0,0.19,0.49,0.19,0.45,2.0973782771535583,0.2247191011235955,0.0749063670411985,4.39,0.6,167.0,45.7
134,135,Tyler Dibling,ENG,"FW,MF",Southampton,18,33,20.8,69.0,64.0,0.0,0.1,0.07,0.12,0.9615384615384615,0.04807692307692307,0.3846153846153846,2.69,0.19,41.0,40.9
135,136,Lucas Digne,FRA,DF,Aston Villa,31,32,26.1,23.0,57.0,0.15,0.0,0.18,0.03,1.379310344827586,0.7279693486590038,0.07662835249042145,2.53,0.19,28.0,47.4
136,137,Issa Diop,FRA,DF,Fulham,27,21,14.9,6.0,25.0,0.0,0.0,0.01,0.04,0.20134228187919462,0.0,0.0,0.4,0.0,13.0,50.0
137,138,Axel Disasi,FRA,DF,Aston Villa,26,7,5.4,10.0,16.0,0.0,0.0,0.07,0.02,0.5555555555555555,0.0,0.18518518518518517,1.65,0.0,6.0,60.0
138,139,Axel Disasi,FRA,DF,Chelsea,26,6,4.0,6.0,16.0,0.0,0.25,0.02,0.07,0.5,0.0,0.0,0.49,0.0,2.0,100.0
139,140,Roman Dixon,ENG,DF,Everton,19,1,1.0,0.0,0.0,0.0,0.0,0.0,0.0,0.0,0.0,0.0,0.0,0.0,0.0,0.0
140,141,Nasser Djiga,BFA,DF,Wolves,21,5,0.7,0.0,3.0,0.0,0.0,0.0,0.0,0.0,0.0,0.0,0.0,0.0,0.0,0.0
141,142,Matt Doherty,IRL,DF,Wolves,32,30,23.4,29.0,79.0,0.04,0.09,0.07,0.04,0.5128205128205129,0.042735042735042736,0.08547008547008547,1.07,0.13,26.0,52.4
142,143,Jeremy Doku,BEL,"FW,MF",Manchester City,22,29,16.8,213.0,69.0,0.36,0.18,0.29,0.08,1.9047619047619047,0.35714285714285715,0.47619047619047616,4.69,0.83,161.0,53.2
143,144,Nicolás Domínguez,ARG,"MF,FW",Nott'ham Forest,26,34,21.8,16.0,83.0,0.05,0.0,0.06,0.07,0.5963302752293578,0.04587155963302752,0.3211009174311926,1.74,0.0,33.0,33.3
144,145,Patrick Dorgu,DEN,DF,Manchester Utd,19,12,9.4,41.0,34.0,0.0,0.0,0.08,0.05,1.276595744680851,0.2127659574468085,0.0,2.57,0.11,32.0,23.1
145,146,Alfie Dorrington,ENG,DF,Tottenham,19,1,0.2,0.0,0.0,0.0,0.0,0.0,0.0,0.0,0.0,0.0,0.0,0.0,0.0,0.0
146,147,Abdoulaye Doucouré,MLI,MF,Everton,31,33,28.5,42.0,82.0,0.07,0.11,0.09,0.15,0.9824561403508771,0.0,0.0,2.04,0.11,65.0,53.3
147,148,Cheick Doucouré,MLI,MF,Crystal Palace,24,13,5.0,2.0,19.0,0.0,0.0,0.0,0.08,0.2,0.0,0.0,1.79,0.6,4.0,40.0
148,149,Flynn Downes,ENG,MF,Southampton,25,27,23.9,29.0,66.0,0.0,0.04,0.05,0.03,0.6276150627615064,0.0,0.29288702928870297,1.3,0.08,21.0,40.0
149,150,Tommy Doyle,ENG,MF,Wolves,22,24,5.4,6.0,40.0,0.18,0.0,0.09,0.1,1.2962962962962963,0.0,0.0,3.13,0.55,4.0,55.6
150,151,Radu Drăgușin,ROU,DF,Tottenham,22,16,13.9,7.0,37.0,0.0,0.0,0.03,0.01,0.28776978417266186,0.07194244604316546,0.07194244604316546,0.58,0.07,12.0,0.0
151,152,Martin Dúbravka,SVK,GK,Newcastle Utd,35,10,10.0,0.0,0.0,0.0,0.0,0.0,0.0,0.0,0.0,0.0,0.0,0.0,0.0,0.0
152,153,Lewis Dunk,ENG,DF,Brighton,32,25,23.1,20.0,142.0,0.0,0.0,0.02,0.03,0.2597402597402597,0.0,0.08658008658008658,0.82,0.13,21.0,0.0
153,154,Jáder Durán,COL,FW,Aston Villa,20,20,7.1,7.0,13.0,0.0,0.99,0.03,0.69,0.5633802816901409,0.0,0.28169014084507044,2.54,0.14,47.0,21.4
154,155,Claudio Echeverri,ARG,FW,Manchester City,18,1,0.1,0.0,1.0,0.0,0.0,0.0,0.0,0.0,0.0,0.0,0.0,0.0,0.0,0.0
155,156,Ederson,BRA,GK,Manchester City,30,26,25.8,0.0,2.0,0.16,0.0,0.06,0.0,0.15503875968992248,0.0,0.03875968992248062,0.23,0.16,0.0,0.0
156,157,George Edmundson,ENG,DF,Ipswich Town,26,1,0.0,0.0,0.0,0.0,0.0,0.0,0.0,0.0,0.0,0.0,0.0,0.0,0.0,0.0
157,158,Odsonne Édouard,FRA,"MF,FW",Crystal Palace,26,2,1.3,3.0,4.0,0.0,0.0,0.04,0.31,0.7692307692307692,0.0,0.0,0.78,0.0,8.0,0.0
158,159,Odsonne Édouard,FRA,FW,Leicester City,26,4,0.3,0.0,1.0,0.0,0.0,0.13,0.0,3.3333333333333335,0.0,0.0,6.21,0.0,6.0,50.0
159,160,Samuel Edozie,ENG,"DF,FW",Southampton,21,2,0.7,6.0,4.0,0.0,0.0,0.14,0.0,1.4285714285714286,0.0,0.0,5.54,0.0,10.0,50.0
160,161,Ronnie Edwards,ENG,DF,Southampton,21,1,0.1,0.0,0.0,0.0,0.0,0.0,0.0,0.0,0.0,0.0,0.0,0.0,0.0,0.0
161,162,Anthony Elanga,SWE,"FW,MF",Nott'ham Forest,22,38,27.8,102.0,63.0,0.4,0.22,0.2,0.16,1.7985611510791366,0.28776978417266186,0.1079136690647482,3.67,0.65,110.0,30.1
162,163,Harvey Elliott,ENG,MF,Liverpool,21,18,4.1,10.0,44.0,0.49,0.24,0.26,0.43,2.439024390243903,0.0,0.24390243902439027,5.11,0.73,21.0,44.4
163,164,Yunus Emre Konak,TUR,"FW,MF",Brentford,18,10,0.5,1.0,2.0,0.0,0.0,0.0,0.33,0.0,0.0,0.0,0.0,0.0,0.0,0.0
164,165,Julio Enciso,PAR,"MF,FW",Ipswich Town,20,13,9.7,23.0,28.0,0.31,0.21,0.14,0.18,1.3402061855670104,0.10309278350515465,0.4123711340206186,3.0,0.41,23.0,45.5
165,166,Julio Enciso,PAR,"MF,FW",Brighton,20,12,3.3,11.0,14.0,0.0,0.0,0.07,0.31,1.5151515151515151,0.30303030303030304,0.0,3.69,0.0,20.0,47.6
166,167,Wataru Endo,JPN,"MF,DF",Liverpool,31,20,3.0,1.0,19.0,0.0,0.0,0.02,0.0,0.6666666666666666,0.0,0.0,1.96,0.0,3.0,100.0
167,168,Christian Eriksen,DEN,MF,Manchester Utd,32,23,11.8,13.0,55.0,0.17,0.0,0.27,0.05,2.6271186440677963,0.5084745762711864,0.6779661016949152,4.74,0.59,17.0,0.0
168,169,Romain Esse,ENG,MF,Crystal Palace,19,7,1.5,1.0,7.0,0.65,0.65,0.27,0.21,2.0,0.0,0.6666666666666666,5.18,1.94,9.0,33.3
169,170,Pervis Estupiñán,ECU,DF,Brighton,26,30,26.7,59.0,132.0,0.04,0.04,0.08,0.04,0.9737827715355806,0.6741573033707865,0.0,2.17,0.15,35.0,55.9
170,171,Evanilson,BRA,FW,Bournemouth,24,31,25.8,29.0,28.0,0.04,0.39,0.07,0.45,1.0077519379844961,0.0,0.15503875968992248,2.37,0.31,127.0,33.3
171,172,Jake Evans,,FW,Leicester City,,4,0.3,0.0,0.0,0.0,0.0,0.0,0.0,0.0,0.0,0.0,0.0,0.0,0.0,0.0
172,173,Jonny Evans,NIR,DF,Manchester Utd,36,7,3.5,3.0,10.0,0.0,0.0,0.0,0.04,0.0,0.0,0.0,0.57,0.0,3.0,100.0
173,174,Eberechi Eze,ENG,"MF,FW",Crystal Palace,26,34,28.8,69.0,97.0,0.28,0.24,0.22,0.31,2.013888888888889,0.1388888888888889,0.3819444444444444,4.69,0.35,95.0,48.6
174,175,Łukasz Fabiański,POL,GK,West Ham,39,14,12.9,0.0,0.0,0.0,0.0,0.0,0.0,0.0,0.0,0.0,0.23,0.0,0.0,100.0
175,176,Wout Faes,BEL,DF,Leicester City,26,34,31.3,12.0,86.0,0.0,0.03,0.0,0.05,0.12779552715654952,0.0,0.06389776357827476,0.54,0.0,27.0,83.3
176,177,Abdul Fatawu Issahaku,GHA,FW,Leicester City,20,11,6.4,42.0,17.0,0.31,0.0,0.24,0.06,0.9375,0.3125,0.3125,2.64,0.47,26.0,42.0
177,178,João Félix,POR,"FW,MF",Chelsea,24,12,4.1,21.0,26.0,0.24,0.24,0.23,0.54,1.4634146341463417,0.0,0.48780487804878053,4.38,0.73,30.0,32.3
178,179,Evan Ferguson,IRL,FW,West Ham,19,8,1.7,1.0,1.0,0.0,0.0,0.17,0.32,1.1764705882352942,0.0,0.5882352941176471,2.31,0.0,10.0,60.0
179,180,Evan Ferguson,IRL,FW,Brighton,19,13,2.7,2.0,1.0,0.0,0.37,0.15,0.2,1.111111111111111,0.0,0.0,1.47,0.0,9.0,50.0
180,181,Bruno Fernandes,POR,MF,Manchester Utd,29,36,33.5,77.0,325.0,0.3,0.15,0.25,0.23,2.716417910447761,0.3283582089552239,0.9253731343283582,5.76,0.39,80.0,41.8
181,182,Mateus Fernandes,POR,MF,Southampton,20,36,32.3,76.0,145.0,0.12,0.06,0.09,0.12,1.0526315789473686,0.18575851393188855,0.2786377708978328,2.41,0.22,49.0,45.0
182,183,Enzo Fernández,ARG,MF,Chelsea,23,36,32.7,60.0,212.0,0.21,0.18,0.21,0.19,2.3547400611620795,0.21406727828746175,0.4281345565749235,4.49,0.49,81.0,47.3
183,184,Mark Flekken,NED,GK,Brentford,31,37,36.4,0.0,0.0,0.05,0.0,0.01,0.0,0.08241758241758242,0.0,0.0,0.27,0.05,0.0,100.0
184,185,Phil Foden,ENG,"MF,FW",Manchester City,24,28,19.7,50.0,103.0,0.1,0.35,0.24,0.26,2.182741116751269,0.30456852791878175,0.3553299492385787,4.46,0.46,83.0,32.6
185,186,Wesley Fofana,FRA,DF,Chelsea,23,14,13.0,19.0,32.0,0.0,0.0,0.03,0.03,0.46153846153846156,0.0,0.0,1.15,0.0,10.0,53.3
186,187,Carlos Forbs,POR,"MF,FW",Wolves,20,10,2.7,10.0,8.0,0.0,0.0,0.01,0.05,0.37037037037037035,0.37037037037037035,0.0,1.89,0.38,13.0,58.3
187,188,Fraser Forster,ENG,GK,Tottenham,36,7,7.0,0.0,0.0,0.0,0.0,0.0,0.0,0.0,0.0,0.0,0.0,0.0,0.0,100.0
188,189,Matheus França,BRA,"MF,FW",Crystal Palace,20,4,0.6,4.0,3.0,0.0,1.64,0.0,0.42,0.0,0.0,0.0,4.91,0.0,7.0,0.0
189,190,Ryan Fraser,SCO,"FW,DF",Southampton,30,8,3.4,10.0,8.0,0.0,0.0,0.03,0.01,0.5882352941176471,0.0,0.0,1.47,0.0,3.0,66.7
190,191,Tyler Fredricson,ENG,DF,Manchester Utd,19,2,1.8,2.0,8.0,0.0,0.0,0.0,0.0,0.0,0.0,0.0,1.63,0.0,1.0,100.0
191,192,Niclas Füllkrug,GER,FW,West Ham,31,18,8.8,7.0,14.0,0.23,0.34,0.22,0.25,1.5909090909090908,0.0,0.0,2.5,0.23,40.0,12.5
192,193,Cody Gakpo,NED,FW,Liverpool,25,35,21.5,59.0,52.0,0.19,0.47,0.2,0.33,1.7674418604651163,0.37209302325581395,0.13953488372093023,3.72,0.37,110.0,50.8
193,194,Idrissa Gana Gueye,SEN,MF,Everton,34,37,34.0,27.0,145.0,0.09,0.0,0.05,0.03,0.5588235294117647,0.08823529411764706,0.058823529411764705,1.76,0.12,21.0,46.2
194,195,Andrés García,ESP,"DF,MF",Aston Villa,21,7,3.5,26.0,15.0,0.0,0.0,0.05,0.01,0.8571428571428571,1.4285714285714286,0.0,0.85,0.0,2.0,27.8
195,196,Alejandro Garnacho,ARG,"MF,FW",Manchester Utd,20,36,24.4,141.0,56.0,0.08,0.25,0.19,0.3,1.5163934426229508,0.20491803278688525,0.0819672131147541,3.4,0.25,176.0,29.2
196,197,James Garner,ENG,"MF,DF",Everton,23,21,17.7,15.0,50.0,0.06,0.0,0.08,0.04,0.7344632768361582,0.22598870056497175,0.11299435028248588,2.2,0.28,15.0,36.8
197,198,Tyrique George,ENG,FW,Chelsea,18,8,2.0,9.0,3.0,0.49,0.49,0.36,0.1,3.0,0.0,0.0,3.44,0.49,9.0,60.0
198,199,Morgan Gibbs-White,ENG,MF,Nott'ham Forest,24,34,31.1,69.0,164.0,0.26,0.22,0.16,0.2,1.6398713826366558,0.3215434083601286,0.6109324758842444,3.69,0.61,92.0,40.3
199,200,Billy Gilmour,SCO,MF,Brighton,23,2,1.1,2.0,11.0,0.0,0.0,0.0,0.07,0.0,0.0,0.9090909090909091,2.76,0.0,0.0,50.0
200,201,Ben Godfrey,ENG,DF,Ipswich Town,26,3,1.8,2.0,4.0,0.0,0.0,0.0,0.0,0.0,0.0,0.0,0.57,0.0,1.0,0.0
201,202,Martial Godo,ENG,"FW,DF",Fulham,21,2,0.3,2.0,3.0,0.0,0.0,0.21,0.0,3.3333333333333335,0.0,0.0,3.91,0.0,7.0,25.0
202,203,Michael Golding,ENG,MF,Leicester City,18,1,0.0,0.0,0.0,0.0,0.0,0.0,0.0,0.0,0.0,0.0,0.0,0.0,0.0,0.0
203,204,João Gomes,BRA,MF,Wolves,23,36,33.0,59.0,165.0,0.03,0.09,0.04,0.09,0.696969696969697,0.030303030303030304,0.15151515151515152,2.03,0.12,45.0,46.2
204,205,Rodrigo Gomes,POR,"DF,FW",Wolves,21,25,9.0,23.0,27.0,0.0,0.22,0.1,0.08,1.3333333333333333,0.4444444444444444,0.1111111111111111,2.45,0.11,29.0,33.3
205,206,Toti Gomes,POR,DF,Wolves,25,31,29.0,27.0,86.0,0.03,0.0,0.03,0.03,0.3103448275862069,0.10344827586206896,0.0,0.72,0.03,17.0,62.5
206,207,Diego Gómez,PAR,MF,Brighton,21,16,5.7,8.0,27.0,0.0,0.17,0.13,0.15,1.4035087719298245,0.17543859649122806,0.7017543859649122,3.32,0.7,10.0,50.0
207,208,Joe Gomez,ENG,DF,Liverpool,27,9,5.8,5.0,35.0,0.0,0.0,0.02,0.06,0.3448275862068966,0.0,0.1724137931034483,0.87,0.17,5.0,0.0
208,209,Nicolás González,ESP,MF,Manchester City,22,11,8.4,9.0,50.0,0.0,0.12,0.01,0.06,0.11904761904761904,0.0,0.11904761904761904,1.77,0.35,10.0,16.7
209,210,Anthony Gordon,ENG,"FW,MF",Newcastle Utd,23,34,27.0,121.0,98.0,0.18,0.18,0.18,0.24,1.8888888888888888,0.6296296296296297,0.3333333333333333,3.74,0.44,128.0,36.9
210,211,Ryan Gravenberch,NED,MF,Liverpool,22,37,35.1,70.0,181.0,0.11,0.0,0.09,0.03,0.7407407407407407,0.05698005698005698,0.22792022792022792,1.94,0.17,26.0,45.7
211,212,Archie Gray,ENG,"DF,MF",Tottenham,18,28,19.5,7.0,40.0,0.0,0.0,0.01,0.0,0.15384615384615385,0.0,0.05128205128205128,0.31,0.0,3.0,53.8
212,213,Jack Grealish,ENG,"FW,MF",Manchester City,28,20,8.0,69.0,52.0,0.12,0.12,0.23,0.14,3.0,0.0,0.0,5.86,0.25,71.0,44.8
213,214,Jacob Greaves,ENG,DF,Ipswich Town,23,25,24.5,11.0,69.0,0.0,0.04,0.01,0.05,0.20408163265306123,0.0,0.0,0.82,0.04,22.0,66.7
214,215,Brajan Gruda,GER,"MF,FW",Brighton,20,21,7.6,22.0,26.0,0.52,0.13,0.28,0.16,3.0263157894736845,0.13157894736842105,0.2631578947368421,5.1,0.78,46.0,43.3
215,216,Albert Grønbaek,DEN,"FW,MF",Southampton,23,4,1.6,1.0,1.0,0.0,0.0,0.01,0.07,0.625,0.0,0.0,1.26,0.0,2.0,0.0
216,217,Gonçalo Guedes,POR,"MF,FW",Wolves,27,29,11.1,41.0,40.0,0.36,0.18,0.11,0.29,1.2612612612612613,0.45045045045045046,0.0900900900900901,2.71,0.72,40.0,32.1
217,218,Marc Guéhi,ENG,DF,Crystal Palace,24,34,34.0,22.0,134.0,0.06,0.09,0.05,0.06,0.47058823529411764,0.08823529411764706,0.20588235294117646,1.29,0.15,39.0,80.0
218,219,Luis Guilherme,BRA,"MF,FW",West Ham,18,12,1.7,4.0,5.0,0.0,0.0,0.05,0.25,1.7647058823529411,1.1764705882352942,0.0,6.0,0.0,5.0,53.8
219,220,Bruno Guimarães,BRA,MF,Newcastle Utd,26,38,36.3,64.0,271.0,0.17,0.14,0.17,0.12,1.4325068870523416,0.1652892561983471,0.6060606060606061,3.66,0.5,85.0,43.6
220,221,Marc Guiu,ESP,FW,Chelsea,18,3,0.8,0.0,0.0,0.0,0.0,0.04,0.0,1.25,0.0,0.0,1.22,0.0,3.0,0.0
221,222,İlkay Gündoğan,GER,MF,Manchester City,33,33,24.7,64.0,127.0,0.24,0.04,0.14,0.13,1.7813765182186236,0.08097165991902834,0.2834008097165992,3.56,0.53,67.0,41.5
222,223,Malo Gusto,FRA,DF,Chelsea,21,32,20.7,50.0,119.0,0.05,0.0,0.07,0.08,1.0628019323671498,0.33816425120772947,0.0966183574879227,2.8,0.19,43.0,25.0
223,224,Joško Gvardiol,CRO,DF,Manchester City,22,37,36.4,91.0,264.0,0.0,0.14,0.06,0.12,0.7142857142857143,0.027472527472527472,0.16483516483516483,2.09,0.19,98.0,58.1
224,225,Erling Haaland,NOR,FW,Manchester City,24,31,30.4,24.0,20.0,0.1,0.62,0.1,0.62,0.9539473684210527,0.03289473684210526,0.03289473684210526,2.34,0.3,190.0,36.1
225,226,Lewis Hall,ENG,DF,Newcastle Utd,19,27,24.3,41.0,123.0,0.16,0.0,0.18,0.02,1.3991769547325101,0.205761316872428,0.1646090534979424,2.59,0.25,47.0,52.4
226,227,Ali Al Hamadi,IRQ,FW,Ipswich Town,22,11,1.5,4.0,3.0,0.0,0.0,0.05,0.24,1.3333333333333333,0.0,0.0,5.37,0.0,9.0,57.1
227,228,Marcus Harness,ENG,MF,Ipswich Town,28,2,0.5,0.0,2.0,0.0,0.0,0.0,0.0,0.0,0.0,0.0,4.0,0.0,3.0,0.0
228,229,Jack Harrison,ENG,FW,Everton,27,34,23.1,73.0,51.0,0.0,0.04,0.16,0.15,1.4285714285714284,0.47619047619047616,0.17316017316017315,2.47,0.17,69.0,32.0
229,230,Taylor Harwood-Bellis,ENG,DF,Southampton,22,34,31.4,29.0,125.0,0.0,0.03,0.03,0.06,0.445859872611465,0.03184713375796178,0.09554140127388536,1.18,0.06,42.0,100.0
230,231,Kai Havertz,GER,"FW,MF",Arsenal,25,23,20.8,35.0,61.0,0.14,0.43,0.12,0.46,0.8173076923076923,0.04807692307692307,0.04807692307692307,2.02,0.14,107.0,23.7
231,232,Ayden Heaven,ENG,DF,Manchester Utd,17,4,1.9,1.0,7.0,0.0,0.0,0.01,0.07,0.5263157894736842,0.0,0.0,2.12,0.0,2.0,50.0
232,233,Jan Paul van Hecke,NED,DF,Brighton,24,34,32.9,55.0,228.0,0.03,0.03,0.05,0.04,0.45592705167173253,0.12158054711246201,0.12158054711246201,1.58,0.09,33.0,45.5
233,234,Hwang Hee-chan,KOR,"MF,FW",Wolves,28,21,7.3,15.0,12.0,0.0,0.27,0.02,0.11,0.4109589041095891,0.273972602739726,0.136986301369863,1.22,0.14,24.0,14.3
234,235,Dean Henderson,ENG,GK,Crystal Palace,27,38,38.0,0.0,0.0,0.0,0.0,0.0,0.0,0.07894736842105263,0.0,0.0,0.11,0.0,1.0,0.0
235,236,Rico Henry,ENG,DF,Brentford,27,5,1.1,0.0,4.0,0.0,0.0,0.0,0.0,0.0,0.0,0.0,1.84,0.92,1.0,0.0
236,237,Mads Hermansen,DEN,GK,Leicester City,24,27,26.5,0.0,1.0,0.0,0.0,0.0,0.0,0.0,0.0,0.0,0.11,0.0,0.0,100.0
237,238,Son Heung-min,KOR,FW,Tottenham,32,30,23.4,96.0,111.0,0.38,0.26,0.35,0.24,2.1367521367521367,0.25641025641025644,0.17094017094017094,4.99,0.64,122.0,34.9
238,239,James Hill,ENG,DF,Bournemouth,22,10,5.0,3.0,16.0,0.2,0.0,0.05,0.06,0.6,0.0,0.0,1.61,0.2,8.0,50.0
239,240,Jack Hinshelwood,ENG,"MF,DF",Brighton,19,26,20.5,19.0,68.0,0.1,0.24,0.07,0.13,0.8292682926829268,0.0975609756097561,0.0,1.71,0.15,35.0,18.2
240,241,George Hirst,SCO,FW,Ipswich Town,25,26,7.3,9.0,13.0,0.14,0.41,0.05,0.29,0.547945205479452,0.0,0.0,1.22,0.41,28.0,33.3
241,242,Mason Holgate,JAM,"FW,DF",Everton,27,1,0.1,0.0,0.0,0.0,0.0,0.0,0.0,0.0,0.0,0.0,0.0,0.0,0.0,0.0
242,243,Harry Howell,ENG,FW,Brighton,15,1,0.1,0.0,0.0,0.0,0.0,0.0,0.0,0.0,0.0,0.0,0.0,0.0,3.0,0.0
243,244,Callum Hudson-Odoi,ENG,"FW,MF",Nott'ham Forest,23,31,24.4,130.0,71.0,0.08,0.21,0.11,0.1,1.8032786885245902,0.45081967213114754,0.20491803278688525,3.86,0.45,74.0,58.7
244,245,Will Hughes,ENG,MF,Crystal Palace,29,33,23.4,20.0,87.0,0.13,0.0,0.13,0.05,1.4102564102564104,0.12820512820512822,0.042735042735042736,2.86,0.26,17.0,31.3
245,246,Dean Huijsen,ESP,DF,Bournemouth,19,32,27.0,41.0,132.0,0.07,0.11,0.08,0.07,0.5555555555555556,0.07407407407407407,0.07407407407407407,1.59,0.11,30.0,40.0
246,247,Omari Hutchinson,ENG,"MF,FW",Ipswich Town,20,31,28.7,97.0,75.0,0.07,0.1,0.12,0.1,1.0801393728222997,0.5226480836236934,0.13937282229965156,2.82,0.21,92.0,37.2
247,248,Rasmus Højlund,DEN,FW,Manchester Utd,21,32,22.3,28.0,18.0,0.0,0.18,0.08,0.24,0.7174887892376681,0.04484304932735426,0.08968609865470852,1.53,0.04,74.0,27.3
248,249,Igor,BRA,DF,Brighton,26,13,10.7,9.0,49.0,0.0,0.0,0.02,0.0,0.1869158878504673,0.09345794392523366,0.28037383177570097,1.31,0.0,1.0,83.3
249,250,Danny Ings,ENG,"FW,MF",West Ham,32,15,3.2,6.0,5.0,0.63,0.32,0.41,0.72,1.875,0.0,0.3125,3.8,0.63,27.0,57.1
250,251,Tim Iroegbunam,ENG,MF,Everton,21,18,6.4,8.0,15.0,0.16,0.0,0.03,0.04,0.46875,0.0,0.0,1.57,0.16,12.0,40.0
251,252,Andy Irving,SCO,MF,West Ham,24,10,1.8,0.0,9.0,0.0,0.0,0.13,0.06,0.5555555555555556,0.5555555555555556,0.5555555555555556,2.68,0.0,0.0,100.0
252,253,Alexander Isak,SWE,FW,Newcastle Utd,24,34,30.6,83.0,88.0,0.2,0.62,0.14,0.56,1.3398692810457515,0.032679738562091505,0.19607843137254902,3.01,0.46,189.0,46.2
253,254,Alex Iwobi,NGA,"FW,MF",Fulham,28,38,33.1,144.0,213.0,0.18,0.27,0.21,0.14,1.782477341389728,0.5740181268882175,0.45317220543806647,3.68,0.48,116.0,49.5
254,255,Nicolas Jackson,SEN,FW,Chelsea,23,30,24.7,47.0,38.0,0.2,0.41,0.17,0.5,1.1336032388663968,0.04048582995951417,0.04048582995951417,2.8,0.41,141.0,29.5
255,256,Reece James,ENG,"DF,MF",Chelsea,24,19,11.8,7.0,64.0,0.08,0.08,0.06,0.04,0.9322033898305084,0.0847457627118644,0.3389830508474576,1.52,0.25,7.0,41.2
256,257,Vitaly Janelt,GER,MF,Brentford,26,32,25.0,17.0,80.0,0.12,0.04,0.09,0.03,0.56,0.28,0.12,1.28,0.12,32.0,25.0
257,258,Vitezslav Jaros,CZE,GK,Liverpool,23,1,0.1,0.0,0.0,0.0,0.0,0.0,0.0,0.0,0.0,0.0,0.0,0.0,0.0,0.0
258,259,Daniel Jebbison,CAN,FW,Bournemouth,20,16,1.3,4.0,3.0,0.0,0.76,0.15,0.75,2.3076923076923075,0.0,0.0,4.54,0.0,14.0,57.1
259,260,Mathias Jensen,DEN,MF,Brentford,28,24,9.6,6.0,61.0,0.21,0.0,0.17,0.03,1.6666666666666667,0.3125,0.20833333333333334,4.28,0.52,9.0,52.9
260,261,Gabriel Jesus,BRA,FW,Arsenal,27,17,6.8,15.0,19.0,0.0,0.44,0.1,0.44,1.1764705882352942,0.14705882352941177,0.14705882352941177,2.66,0.59,48.0,40.9
261,262,Raúl Jiménez,MEX,FW,Fulham,33,38,27.7,35.0,62.0,0.11,0.32,0.12,0.35,0.8664259927797834,0.10830324909747292,0.10830324909747292,2.38,0.25,165.0,42.0
262,263,Kim Jisoo,KOR,DF,Brentford,19,3,0.3,0.0,2.0,0.0,0.0,0.0,0.0,0.0,0.0,0.0,0.0,0.0,0.0,0.0
263,264,João Pedro,BRA,"FW,MF",Brighton,22,27,21.6,66.0,78.0,0.28,0.23,0.23,0.23,1.3888888888888888,0.23148148148148145,0.4629629629629629,3.32,0.42,122.0,33.7
264,265,Joelinton,BRA,"MF,FW",Newcastle Utd,27,29,26.6,40.0,116.0,0.11,0.15,0.09,0.15,0.8646616541353384,0.07518796992481203,0.2631578947368421,2.29,0.34,83.0,32.6
265,266,Ben Johnson,ENG,"DF,FW",Ipswich Town,24,23,15.0,16.0,27.0,0.13,0.07,0.09,0.07,0.8,0.13333333333333333,0.13333333333333333,1.6,0.33,12.0,33.3
266,267,Brennan Johnson,WAL,FW,Tottenham,23,33,24.2,60.0,71.0,0.12,0.45,0.09,0.43,0.7851239669421488,0.24793388429752067,0.0,1.9,0.29,125.0,43.2
267,268,Sam Johnstone,ENG,GK,Wolves,31,7,7.0,0.0,0.0,0.0,0.0,0.0,0.0,0.14285714285714285,0.0,0.0,0.29,0.0,0.0,0.0
268,269,Curtis Jones,ENG,"MF,DF",Liverpool,23,33,19.0,30.0,117.0,0.16,0.16,0.06,0.23,1.1578947368421053,0.05263157894736842,0.10526315789473684,2.74,0.42,58.0,54.5
269,270,Jorginho,ITA,MF,Arsenal,32,15,7.8,12.0,48.0,0.0,0.0,0.05,0.01,0.38461538461538464,0.0,0.5128205128205129,1.54,0.0,3.0,25.0
270,271,Diogo Jota,POR,FW,Liverpool,27,26,13.3,37.0,34.0,0.23,0.45,0.14,0.6,0.8270676691729323,0.07518796992481203,0.07518796992481203,2.79,0.68,97.0,33.3
271,272,James Justin,ENG,DF,Leicester City,26,36,32.4,39.0,91.0,0.06,0.06,0.03,0.05,0.4320987654320988,0.2469135802469136,0.0308641975308642,1.02,0.06,38.0,30.0
272,273,Filip Jørgensen,DEN,GK,Chelsea,22,6,6.0,0.0,0.0,0.0,0.0,0.0,0.0,0.0,0.0,0.0,0.17,0.0,0.0,0.0
273,274,Ferdi Kadioglu,TUR,"DF,MF",Brighton,24,6,4.3,1.0,15.0,0.0,0.23,0.04,0.1,1.1627906976744187,0.9302325581395349,0.23255813953488372,3.03,0.47,9.0,42.9
274,275,Daichi Kamada,JPN,MF,Crystal Palace,27,34,17.4,25.0,89.0,0.0,0.0,0.11,0.06,1.149425287356322,0.1724137931034483,0.2298850574712644,2.99,0.17,32.0,36.8
275,276,Boubacar Kamara,FRA,MF,Aston Villa,24,26,19.2,19.0,85.0,0.0,0.05,0.05,0.04,0.5729166666666667,0.0,0.2604166666666667,1.41,0.1,12.0,33.3
276,277,Joachim Kayi Sanda,FRA,DF,Southampton,17,2,0.2,0.0,1.0,0.0,0.0,0.0,0.0,0.0,0.0,0.0,0.0,0.0,1.0,0.0
277,278,Michael Kayode,ITA,DF,Brentford,20,12,5.9,12.0,12.0,0.17,0.0,0.21,0.04,1.3559322033898304,0.3389830508474576,0.0,3.24,0.51,13.0,50.0
278,279,Michael Keane,ENG,DF,Everton,31,14,11.7,1.0,14.0,0.0,0.26,0.01,0.05,0.17094017094017094,0.0,0.0,0.51,0.0,17.0,0.0
279,280,Caoimhín Kelleher,IRL,GK,Liverpool,25,10,10.0,0.0,0.0,0.0,0.0,0.0,0.0,0.0,0.0,0.0,0.3,0.1,0.0,100.0
280,281,Lloyd Kelly,ENG,DF,Newcastle Utd,25,10,3.4,0.0,9.0,0.3,0.0,0.14,0.12,0.5882352941176471,0.29411764705882354,0.0,0.59,0.3,4.0,66.7
281,282,Milos Kerkez,HUN,DF,Bournemouth,20,38,37.1,106.0,159.0,0.13,0.05,0.1,0.01,0.9433962264150944,0.7277628032345013,0.053908355795148244,2.24,0.24,69.0,45.8
282,283,Bilal El Khannouss,MAR,"MF,FW",Leicester City,20,32,24.2,73.0,128.0,0.12,0.08,0.19,0.05,1.7355371900826446,0.24793388429752067,0.4545454545454546,3.22,0.29,35.0,56.7
283,284,Abdukodir Khusanov,UZB,DF,Manchester City,20,6,5.6,1.0,25.0,0.0,0.0,0.02,0.0,0.35714285714285715,0.0,0.0,0.89,0.0,1.0,0.0
284,285,Max Kilman,ENG,DF,West Ham,27,38,37.2,31.0,113.0,0.03,0.0,0.03,0.04,0.4301075268817204,0.0,0.0,0.86,0.13,32.0,72.7
285,286,Joshua King,ENG,MF,Fulham,17,8,1.4,3.0,9.0,0.0,0.0,0.3,0.22,2.142857142857143,0.0,0.0,5.54,1.38,10.0,50.0
286,287,Tom King,WAL,GK,Wolves,29,1,0.0,0.0,0.0,0.0,0.0,0.0,0.0,0.0,0.0,0.0,0.0,0.0,0.0,0.0
287,288,Antonín Kinský,CZE,GK,Tottenham,21,6,6.0,1.0,1.0,0.0,0.0,0.01,0.0,0.16666666666666666,0.0,0.0,0.17,0.0,0.0,0.0
288,289,Jakub Kiwior,POL,DF,Arsenal,24,17,12.5,5.0,48.0,0.0,0.08,0.03,0.01,0.4,0.0,0.24,0.64,0.0,5.0,60.0
289,290,Justin Kluivert,NED,MF,Bournemouth,25,34,26.0,81.0,105.0,0.23,0.23,0.19,0.22,1.7307692307692308,0.23076923076923078,0.19230769230769232,3.88,0.46,134.0,41.4
290,291,Ibrahima Konaté,FRA,DF,Liverpool,25,31,28.4,25.0,115.0,0.07,0.04,0.03,0.06,0.35211267605633806,0.0,0.035211267605633804,1.09,0.25,23.0,50.0
291,292,Ezri Konsa,ENG,DF,Aston Villa,26,34,32.6,24.0,90.0,0.0,0.06,0.01,0.04,0.18404907975460122,0.0,0.18404907975460122,0.74,0.09,22.0,44.4
292,293,Mateo Kovačić,CRO,MF,Manchester City,30,31,24.4,56.0,164.0,0.08,0.25,0.15,0.08,1.3524590163934427,0.0,0.6147540983606558,2.99,0.33,17.0,53.7
293,294,Caleb Kporha,ENG,DF,Crystal Palace,18,2,0.1,1.0,0.0,0.0,0.0,0.0,0.0,0.0,10.0,0.0,0.0,0.0,0.0,0.0
294,295,Emil Krafth,SWE,DF,Newcastle Utd,29,12,3.8,5.0,8.0,0.0,0.0,0.02,0.01,0.2631578947368421,0.0,0.0,0.79,0.0,4.0,0.0
295,296,Mohammed Kudus,GHA,"FW,MF",West Ham,23,32,28.8,98.0,79.0,0.1,0.17,0.11,0.24,1.0763888888888888,0.5208333333333334,0.06944444444444445,3.72,0.35,127.0,44.2
296,297,Dejan Kulusevski,SWE,"MF,FW",Tottenham,24,32,26.5,120.0,124.0,0.15,0.26,0.23,0.16,2.452830188679245,0.22641509433962265,0.41509433962264153,4.82,0.34,158.0,32.5
297,298,Maxence Lacroix,FRA,DF,Crystal Palace,24,35,34.6,8.0,65.0,0.03,0.03,0.03,0.1,0.23121387283236994,0.057803468208092484,0.08670520231213873,0.81,0.12,45.0,57.1
298,299,Adam Lallana,ENG,MF,Southampton,36,14,4.0,6.0,24.0,0.5,0.0,0.23,0.04,1.0,0.75,0.25,2.24,0.5,6.0,41.7
299,300,Tariq Lamptey,GHA,DF,Brighton,23,15,9.6,32.0,14.0,0.21,0.21,0.08,0.04,0.5208333333333334,0.5208333333333334,0.0,1.78,0.31,11.0,32.3
300,301,Will Lankshear,ENG,"FW,MF",Tottenham,19,3,0.1,0.0,0.0,0.0,0.0,0.0,0.0,0.0,0.0,0.0,0.0,0.0,0.0,0.0
301,302,Roméo Lavia,BEL,MF,Chelsea,20,16,8.9,3.0,31.0,0.11,0.0,0.08,0.03,0.7865168539325842,0.0,0.33707865168539325,1.58,0.23,1.0,62.5
302,303,Mario Lemina,GAB,"MF,DF",Wolves,30,17,15.2,8.0,48.0,0.2,0.07,0.07,0.09,0.6578947368421053,0.2631578947368421,0.39473684210526316,1.71,0.33,18.0,62.5
303,304,Bernd Leno,GER,GK,Fulham,32,38,38.0,0.0,0.0,0.03,0.0,0.0,0.0,0.05263157894736842,0.0,0.0,0.16,0.05,0.0,0.0
304,305,Jefferson Lerma,COL,"MF,DF",Crystal Palace,29,33,25.3,13.0,97.0,0.04,0.0,0.06,0.04,0.3952569169960474,0.07905138339920949,0.3557312252964427,1.86,0.12,29.0,53.8
305,306,Rico Lewis,ENG,"DF,MF",Manchester City,19,28,21.0,39.0,107.0,0.1,0.05,0.02,0.07,0.3333333333333333,0.0,0.14285714285714285,1.47,0.14,46.0,42.9
306,307,Keane Lewis-Potter,ENG,"DF,FW",Brentford,23,38,34.4,98.0,98.0,0.09,0.03,0.09,0.09,0.7558139534883721,0.5232558139534884,0.14534883720930233,2.07,0.23,74.0,40.6
307,308,Myles Lewis-Skelly,ENG,DF,Arsenal,17,23,15.2,37.0,71.0,0.0,0.07,0.03,0.01,0.5263157894736842,0.13157894736842105,0.19736842105263158,1.91,0.0,17.0,42.9
308,309,Matthijs de Ligt,NED,DF,Manchester Utd,24,29,23.6,7.0,55.0,0.0,0.08,0.01,0.1,0.2542372881355932,0.0423728813559322,0.0,0.59,0.04,29.0,50.0
309,310,Pedro Lima,BRA,DF,Wolves,18,3,0.8,4.0,4.0,0.0,0.0,0.09,0.07,2.5,2.5,0.0,5.14,0.0,3.0,33.3
310,311,Victor Lindelöf,SWE,DF,Manchester Utd,30,16,7.8,5.0,26.0,0.0,0.0,0.01,0.0,0.38461538461538464,0.12820512820512822,0.12820512820512822,0.51,0.0,3.0,0.0
311,312,Jesper Lindstrøm,DEN,FW,Everton,24,25,13.8,30.0,25.0,0.07,0.0,0.15,0.15,1.3768115942028984,0.5072463768115941,0.07246376811594203,3.35,0.07,40.0,18.6
312,313,Valentino Livramento,ENG,DF,Newcastle Utd,21,37,31.6,83.0,158.0,0.03,0.0,0.08,0.01,0.7911392405063291,0.18987341772151897,0.03164556962025316,1.43,0.06,41.0,44.6
313,314,Sean Longstaff,ENG,MF,Newcastle Utd,26,25,8.9,4.0,40.0,0.0,0.0,0.02,0.07,0.449438202247191,0.0,0.2247191011235955,1.58,0.23,21.0,28.6
314,315,Saša Lukić,SRB,MF,Fulham,27,30,26.0,39.0,98.0,0.08,0.0,0.11,0.04,1.0,0.2692307692307692,0.038461538461538464,2.11,0.15,21.0,47.1
315,316,Joe Lumley,ENG,GK,Southampton,29,3,3.0,0.0,0.0,0.0,0.0,0.0,0.0,0.0,0.0,0.0,0.0,0.0,0.0,0.0
316,317,Massimo Luongo,AUS,MF,Ipswich Town,31,11,2.2,0.0,6.0,0.0,0.0,0.0,0.0,0.0,0.0,0.0,0.0,0.0,2.0,0.0
317,318,Ian Maatsen,NED,DF,Aston Villa,22,29,12.7,31.0,50.0,0.16,0.08,0.22,0.07,1.4960629921259843,0.2362204724409449,0.07874015748031496,4.11,0.55,47.0,44.8
318,319,Alexis Mac Allister,ARG,MF,Liverpool,25,35,28.9,36.0,177.0,0.17,0.17,0.16,0.1,1.5570934256055364,0.06920415224913495,0.20761245674740486,4.15,0.52,60.0,38.1
319,320,James Maddison,ENG,MF,Tottenham,27,31,20.1,45.0,164.0,0.35,0.45,0.21,0.29,2.0398009950248754,0.24875621890547261,0.5970149253731343,4.73,0.9,77.0,42.9
320,321,Noni Madueke,ENG,FW,Chelsea,22,32,22.6,154.0,69.0,0.13,0.31,0.19,0.43,1.415929203539823,0.35398230088495575,0.04424778761061947,3.5,0.35,184.0,44.1
321,322,Gabriel Magalhães,BRA,DF,Arsenal,26,28,26.3,10.0,126.0,0.04,0.11,0.03,0.1,0.49429657794676807,0.0,0.03802281368821293,1.33,0.23,40.0,80.0
322,323,Edmond-Paris Maghoma,ENG,"MF,FW",Brentford,23,8,1.3,4.0,13.0,0.0,0.0,0.08,0.09,0.7692307692307692,0.0,0.0,3.03,0.76,4.0,75.0
323,324,Harry Maguire,ENG,DF,Manchester Utd,31,27,19.5,7.0,51.0,0.0,0.05,0.03,0.09,0.46153846153846156,0.0,0.0,1.02,0.0,44.0,40.0
324,325,Kobbie Mainoo,ENG,MF,Manchester Utd,19,25,18.3,22.0,65.0,0.0,0.0,0.09,0.04,0.7650273224043715,0.0546448087431694,0.1092896174863388,1.85,0.16,36.0,46.0
325,326,Tyrell Malacia,NED,DF,Manchester Utd,24,3,1.1,3.0,3.0,0.0,0.0,0.03,0.0,0.9090909090909091,0.0,0.0,1.8,0.0,0.0,100.0
326,327,Donyell Malen,NED,FW,Aston Villa,25,14,3.4,12.0,6.0,0.0,0.89,0.05,0.64,0.8823529411764706,0.0,0.0,1.76,0.0,25.0,36.4
327,328,Mateus Mane,,MF,Wolves,,1,0.0,0.0,0.0,0.0,0.0,0.0,0.0,0.0,0.0,0.0,0.0,0.0,0.0,0.0
328,329,Orel Mangala,BEL,MF,Everton,26,19,14.0,6.0,34.0,0.0,0.07,0.05,0.08,0.5714285714285714,0.07142857142857142,0.0,1.72,0.07,13.0,58.3
329,330,Ryan Manning,IRL,"DF,MF",Southampton,28,24,16.2,14.0,35.0,0.06,0.0,0.2,0.02,2.0987654320987654,0.4938271604938272,0.0617283950617284,3.08,0.18,22.0,30.6
330,331,Solly March,ENG,"FW,MF",Brighton,30,8,1.9,5.0,2.0,0.0,0.0,0.15,0.05,1.5789473684210527,2.1052631578947367,0.0,3.77,1.08,7.0,25.0
331,332,Omar Marmoush,EGY,"FW,MF",Manchester City,25,16,13.1,29.0,37.0,0.0,0.54,0.21,0.42,1.1450381679389314,0.3053435114503817,0.15267175572519084,2.99,0.15,68.0,43.5
332,333,Gabriel Martinelli,BRA,"FW,MF",Arsenal,23,33,25.4,124.0,52.0,0.16,0.31,0.19,0.29,1.5748031496062993,0.5905511811023623,0.1968503937007874,2.91,0.27,182.0,30.3
333,334,Emiliano Martínez,ARG,GK,Aston Villa,31,37,35.5,0.0,4.0,0.0,0.0,0.02,0.0,0.056338028169014086,0.0,0.0,0.17,0.03,0.0,100.0
334,335,Lisandro Martínez,ARG,DF,Manchester Utd,26,20,19.5,23.0,117.0,0.05,0.1,0.06,0.07,0.46153846153846156,0.10256410256410256,0.2564102564102564,1.34,0.1,18.0,85.7
335,336,Pape Matar Sarr,SEN,MF,Tottenham,21,36,21.3,33.0,88.0,0.09,0.14,0.08,0.17,0.704225352112676,0.09389671361502347,0.046948356807511735,2.12,0.33,28.0,36.7
336,337,Jean-Philippe Mateta,FRA,FW,Crystal Palace,27,37,29.4,45.0,52.0,0.07,0.41,0.11,0.41,0.9863945578231293,0.06802721088435375,0.2380952380952381,2.21,0.34,94.0,43.5
337,338,Stephy Mavididi,ENG,FW,Leicester City,26,30,17.9,91.0,57.0,0.06,0.22,0.15,0.1,1.229050279329609,0.3910614525139665,0.335195530726257,2.78,0.39,61.0,36.8
338,339,Konstantinos Mavropanos,GRE,DF,West Ham,26,33,22.7,17.0,61.0,0.0,0.0,0.02,0.07,0.22026431718061676,0.04405286343612335,0.04405286343612335,0.7,0.0,24.0,52.9
339,340,Noussair Mazraoui,MAR,DF,Manchester Utd,26,37,31.5,42.0,115.0,0.03,0.0,0.05,0.02,0.6349206349206349,0.15873015873015872,0.2222222222222222,1.78,0.03,30.0,54.2
340,341,Bryan Mbeumo,CMR,FW,Brentford,24,38,37.9,130.0,141.0,0.18,0.4,0.22,0.2,1.8469656992084433,0.5013192612137204,0.34300791556728233,3.8,0.53,168.0,46.8
341,342,James Mcatee,ENG,"MF,FW",Manchester City,21,15,3.9,7.0,7.0,0.0,0.77,0.13,0.72,0.7692307692307693,0.0,0.25641025641025644,1.03,0.26,21.0,28.6
342,343,Kasey McAteer,IRL,FW,Leicester City,22,18,9.5,19.0,14.0,0.11,0.11,0.08,0.11,0.9473684210526315,0.21052631578947367,0.0,2.11,0.21,30.0,24.0
343,344,Alex McCarthy,ENG,GK,Southampton,34,5,5.0,0.0,0.0,0.0,0.0,0.0,0.0,0.0,0.0,0.0,0.0,0.0,0.0,0.0
344,345,John McGinn,SCO,"MF,FW",Aston Villa,29,34,24.7,32.0,103.0,0.16,0.04,0.14,0.11,1.2550607287449393,0.32388663967611336,0.3643724696356275,3.08,0.32,58.0,42.6
345,346,Dwight McNeil,ENG,"MF,FW",Everton,24,21,15.2,38.0,69.0,0.39,0.26,0.34,0.07,2.4342105263157894,0.6578947368421053,0.5263157894736842,4.73,0.66,25.0,53.3
346,347,Scott McTominay,SCO,MF,Manchester Utd,27,2,0.2,0.0,1.0,0.0,0.0,0.0,0.33,0.0,0.0,0.0,4.74,0.0,1.0,0.0
347,348,Ben Mee,ENG,DF,Brentford,34,7,2.0,3.0,11.0,0.0,0.0,0.0,0.0,0.0,0.0,0.0,0.0,0.0,3.0,0.0
348,349,Jayden Meghoma,ENG,DF,Brentford,18,1,0.1,0.0,0.0,0.0,0.0,0.0,0.0,0.0,0.0,0.0,0.0,0.0,0.0,0.0
349,350,Mikel Merino,ESP,"MF,FW",Arsenal,28,28,17.6,11.0,69.0,0.11,0.4,0.11,0.34,0.9659090909090908,0.22727272727272727,0.28409090909090906,2.44,0.23,79.0,39.1
350,351,Shumaira Mheuka,ENG,MF,Chelsea,16,1,0.0,0.0,0.0,0.0,0.0,0.0,5.06,0.0,0.0,0.0,0.0,0.0,1.0,0.0
351,352,Nikola Milenković,SRB,DF,Nott'ham Forest,26,37,37.0,3.0,51.0,0.05,0.14,0.03,0.11,0.24324324324324326,0.0,0.0,0.57,0.08,64.0,100.0
352,353,Lewis Miley,ENG,MF,Newcastle Utd,18,14,3.5,2.0,17.0,0.0,0.29,0.01,0.16,0.2857142857142857,0.0,0.2857142857142857,1.15,0.0,6.0,33.3
353,354,James Milner,ENG,MF,Brighton,38,4,1.9,1.0,10.0,0.0,0.0,0.12,0.09,2.1052631578947367,0.5263157894736842,1.0526315789473684,4.24,0.0,4.0,100.0
354,355,Tyrone Mings,ENG,DF,Aston Villa,31,14,12.4,7.0,40.0,0.0,0.0,0.02,0.07,0.24193548387096772,0.0,0.0,1.45,0.16,17.0,66.7
355,356,Yankuba Minteh,GAM,"FW,MF",Brighton,20,32,20.4,90.0,48.0,0.2,0.29,0.24,0.2,1.4215686274509804,0.44117647058823534,0.19607843137254904,3.14,0.64,146.0,46.9
356,357,Tyrick Mitchell,ENG,DF,Crystal Palace,24,37,34.4,63.0,70.0,0.15,0.0,0.19,0.04,1.1918604651162792,0.46511627906976744,0.0,2.1,0.2,43.0,42.1
357,358,Kaoru Mitoma,JPN,"FW,MF",Brighton,27,36,28.9,146.0,89.0,0.14,0.35,0.16,0.32,1.2802768166089966,0.2768166089965398,0.31141868512110726,3.01,0.35,164.0,39.7
358,359,Jakub Moder,POL,MF,Brighton,25,4,0.1,2.0,4.0,0.0,0.0,1.45,0.0,30.0,10.0,0.0,32.73,0.0,1.0,0.0
359,360,Jeremy Monga,,"FW,MF",Leicester City,,7,1.2,6.0,3.0,0.0,0.0,0.01,0.13,0.8333333333333334,0.0,0.0,1.61,0.0,5.0,28.6
360,361,Mikey Moore,ENG,FW,Tottenham,16,10,4.1,12.0,9.0,0.25,0.0,0.08,0.05,0.7317073170731708,0.24390243902439027,0.0,2.95,0.49,13.0,11.8
361,362,Morato,BRA,DF,Nott'ham Forest,23,26,10.1,1.0,19.0,0.0,0.0,0.0,0.02,0.0,0.0,0.09900990099009901,0.3,0.0,2.0,100.0
362,363,Álex Moreno,ESP,"DF,MF",Nott'ham Forest,31,15,10.6,26.0,34.0,0.09,0.0,0.12,0.02,0.7547169811320755,0.18867924528301888,0.2830188679245283,1.51,0.19,8.0,38.1
363,364,Sam Morsy,EGY,MF,Ipswich Town,32,33,30.6,22.0,120.0,0.03,0.03,0.04,0.01,0.7843137254901961,0.13071895424836602,0.06535947712418301,1.67,0.07,6.0,58.6
364,365,Yerson Mosquera,COL,DF,Wolves,23,5,4.9,0.0,7.0,0.0,0.0,0.02,0.07,0.4081632653061224,0.2040816326530612,0.0,1.02,0.0,7.0,0.0
365,366,Mason Mount,ENG,MF,Manchester Utd,25,17,6.9,15.0,33.0,0.0,0.14,0.08,0.47,1.1594202898550725,0.2898550724637681,0.2898550724637681,3.18,0.0,31.0,10.0
366,367,Divin Mubama,ENG,FW,Manchester City,19,1,0.3,0.0,1.0,0.0,0.0,0.0,0.12,0.0,0.0,0.0,0.0,0.0,1.0,0.0
367,368,Mykhailo Mudryk,UKR,FW,Chelsea,23,7,1.7,7.0,5.0,0.0,0.0,0.58,0.15,1.1764705882352942,0.5882352941176471,0.5882352941176471,3.6,0.0,6.0,37.5
368,369,Marshall Munetsi,ZIM,"MF,FW",Wolves,28,14,12.0,9.0,10.0,0.08,0.17,0.15,0.28,0.75,0.16666666666666666,0.08333333333333333,1.75,0.08,36.0,27.3
369,370,Rodrigo Muniz,BRA,FW,Fulham,23,31,10.7,6.0,27.0,0.09,0.75,0.07,0.54,0.6542056074766356,0.0,0.28037383177570097,1.59,0.19,55.0,33.3
370,371,Daniel Muñoz,COL,DF,Crystal Palace,28,37,35.9,62.0,97.0,0.14,0.11,0.15,0.14,1.2813370473537604,0.4178272980501393,0.05571030640668524,2.37,0.31,107.0,37.5
371,372,Arijanet Muric,KVX,GK,Ipswich Town,25,18,18.0,0.0,1.0,0.0,0.0,0.0,0.0,0.0,0.0,0.0,0.06,0.0,0.0,0.0
372,373,Murillo,BRA,DF,Nott'ham Forest,22,36,35.4,22.0,115.0,0.0,0.06,0.03,0.04,0.3672316384180791,0.02824858757062147,0.22598870056497175,1.24,0.06,24.0,73.0
373,374,Jacob Murphy,ENG,FW,Newcastle Utd,29,35,26.2,79.0,83.0,0.46,0.31,0.34,0.22,1.6030534351145038,0.5725190839694657,0.19083969465648856,3.13,0.57,92.0,50.7
374,375,Vitaliy Mykolenko,UKR,DF,Everton,25,35,34.2,33.0,110.0,0.06,0.03,0.08,0.01,0.7017543859649122,0.7017543859649122,0.05847953216374269,1.26,0.12,32.0,40.0
375,376,Iliman Ndiaye,SEN,FW,Everton,24,33,27.0,86.0,59.0,0.0,0.26,0.07,0.17,0.6666666666666666,0.18518518518518517,0.07407407407407407,2.41,0.3,83.0,47.6
376,377,Wilfred Ndidi,NGA,MF,Leicester City,27,28,25.8,18.0,70.0,0.19,0.0,0.07,0.08,0.6589147286821705,0.11627906976744186,0.15503875968992248,1.2,0.15,61.0,39.4
377,378,Kosta Nedeljković,SRB,DF,Aston Villa,18,5,1.4,1.0,6.0,0.0,0.0,0.0,0.0,0.0,0.0,0.0,0.0,0.0,0.0,50.0
378,379,Reiss Nelson,ENG,FW,Arsenal,24,1,0.0,0.0,0.0,0.0,0.0,0.0,0.0,0.0,0.0,0.0,0.0,0.0,0.0,0.0
379,380,Reiss Nelson,ENG,FW,Fulham,24,11,5.4,45.0,35.0,0.18,0.18,0.18,0.2,2.4074074074074074,0.5555555555555555,0.37037037037037035,5.73,0.18,35.0,37.1
380,381,Neto,BRA,GK,Bournemouth,35,2,2.0,0.0,0.0,0.0,0.0,0.0,0.0,0.0,0.0,0.0,0.0,0.0,0.0,0.0
381,382,Pedro Neto,POR,FW,Chelsea,24,35,25.2,126.0,60.0,0.24,0.16,0.27,0.14,1.8253968253968254,0.9126984126984127,0.0,3.57,0.36,116.0,32.7
382,383,Eddie Nketiah,ENG,"FW,MF",Crystal Palace,25,29,11.5,41.0,19.0,0.09,0.26,0.15,0.5,1.1304347826086956,0.0,0.17391304347826086,2.69,0.26,67.0,35.5
383,384,Christopher Nkunku,FRA,FW,Chelsea,26,27,10.2,17.0,25.0,0.2,0.29,0.21,0.47,1.3725490196078431,0.0,0.19607843137254904,3.32,0.39,52.0,37.0
384,385,Gustavo Nunes,BRA,"FW,MF",Brentford,18,3,0.1,1.0,0.0,0.0,0.0,0.0,0.0,0.0,0.0,0.0,0.0,0.0,1.0,0.0
385,386,Matheus Nunes,POR,"DF,MF",Manchester City,25,26,18.6,63.0,79.0,0.32,0.05,0.23,0.07,1.2365591397849462,0.3763440860215054,0.16129032258064516,2.47,0.43,62.0,46.3
386,387,Darwin Núñez,URU,FW,Liverpool,25,30,12.6,23.0,27.0,0.16,0.4,0.1,0.46,0.873015873015873,0.07936507936507936,0.07936507936507936,2.46,0.32,74.0,34.8
387,388,Ethan Nwaneri,ENG,"FW,MF",Arsenal,17,26,9.9,46.0,33.0,0.2,0.4,0.12,0.12,1.6161616161616161,0.6060606060606061,0.30303030303030304,2.91,0.3,44.0,59.7
388,389,Christian Nørgaard,DEN,MF,Brentford,30,34,31.3,14.0,154.0,0.13,0.16,0.04,0.14,0.5750798722044729,0.12779552715654952,0.12779552715654952,1.85,0.42,57.0,50.0
389,390,Jake O'Brien,IRL,DF,Everton,23,20,17.5,7.0,50.0,0.0,0.11,0.03,0.04,0.34285714285714286,0.2857142857142857,0.0,0.92,0.0,22.0,40.0
390,391,Matt O'Riley,DEN,MF,Brighton,23,21,10.4,22.0,38.0,0.19,0.1,0.23,0.2,2.019230769230769,0.09615384615384615,0.1923076923076923,3.84,0.48,47.0,61.5
391,392,Dara O'Shea,IRL,DF,Ipswich Town,25,35,34.7,3.0,80.0,0.06,0.0,0.01,0.04,0.08645533141210374,0.02881844380403458,0.0,0.69,0.12,51.0,50.0
392,393,Chidozie Obi-Martin,DEN,FW,Manchester Utd,16,7,1.8,2.0,1.0,0.0,0.0,0.0,0.36,0.0,0.0,0.0,1.09,0.0,9.0,33.3
393,394,Wilson Odobert,FRA,"FW,MF",Tottenham,19,16,9.4,45.0,27.0,0.0,0.11,0.1,0.17,0.6382978723404255,0.3191489361702127,0.0,1.7,0.11,35.0,37.5
394,395,Chiedozie Ogbene,IRL,FW,Ipswich Town,27,5,2.6,7.0,0.0,0.0,0.0,0.03,0.0,0.7692307692307692,0.0,0.0,1.13,0.0,6.0,14.3
395,396,Caleb Okoli,ITA,DF,Leicester City,23,19,12.5,3.0,32.0,0.0,0.08,0.0,0.05,0.0,0.0,0.08,0.32,0.0,10.0,0.0
396,397,Robin Olsen,SWE,GK,Aston Villa,34,4,2.5,0.0,0.0,0.0,0.0,0.0,0.0,0.0,0.0,0.0,0.8,0.4,0.0,0.0
397,398,Amadou Onana,BEL,MF,Aston Villa,22,26,18.0,29.0,75.0,0.0,0.17,0.04,0.12,0.5555555555555556,0.1111111111111111,0.16666666666666666,1.78,0.22,23.0,70.0
398,399,André Onana,CMR,GK,Manchester Utd,28,34,34.0,0.0,1.0,0.0,0.0,0.0,0.0,0.029411764705882353,0.0,0.029411764705882353,0.12,0.0,0.0,100.0
399,400,Paul Onuachu,NGA,FW,Southampton,30,25,11.7,7.0,13.0,0.09,0.34,0.04,0.31,0.6837606837606838,0.0,0.0,0.77,0.09,67.0,30.8
400,401,Frank Onyeka,NGA,MF,Brentford,26,2,0.3,0.0,1.0,0.0,0.0,0.0,0.0,0.0,0.0,0.0,0.0,0.0,0.0,0.0
401,402,Lewis Orford,ENG,MF,West Ham,18,2,0.5,0.0,0.0,0.0,0.0,0.04,0.05,4.0,2.0,0.0,3.67,0.0,2.0,0.0
402,403,Stefan Ortega,GER,GK,Manchester City,31,13,12.2,0.0,0.0,0.0,0.0,0.0,0.0,0.0,0.0,0.0,0.0,0.0,0.0,0.0
403,404,William Osula,DEN,FW,Newcastle Utd,20,14,1.5,5.0,4.0,0.0,0.67,0.1,0.11,1.3333333333333333,0.0,0.0,2.69,0.0,8.0,50.0
404,405,Dango Ouattara,BFA,FW,Bournemouth,22,32,22.3,79.0,43.0,0.18,0.31,0.25,0.38,1.569506726457399,0.49327354260089684,0.22421524663677128,3.23,0.27,128.0,47.6
405,406,Nico O’Reilly,ENG,DF,Manchester City,19,9,5.9,16.0,17.0,0.0,0.34,0.06,0.22,0.6779661016949152,0.1694915254237288,0.1694915254237288,2.05,0.34,18.0,60.0
406,407,Alex Palmer,ENG,GK,Ipswich Town,27,13,13.0,0.0,1.0,0.0,0.0,0.0,0.0,0.07692307692307693,0.0,0.0,0.23,0.0,0.0,0.0
407,408,Cole Palmer,ENG,"MF,FW",Chelsea,22,37,35.5,120.0,214.0,0.23,0.31,0.31,0.38,2.4507042253521125,0.4788732394366197,0.6197183098591549,5.7,0.42,144.0,45.1
408,409,Emerson Palmieri,ITA,DF,West Ham,29,31,23.5,47.0,66.0,0.04,0.09,0.06,0.08,0.6808510638297872,0.2127659574468085,0.0425531914893617,1.75,0.09,28.0,33.3
409,410,Lucas Paquetá,BRA,"MF,FW",West Ham,26,33,26.4,26.0,155.0,0.0,0.08,0.12,0.14,1.3636363636363638,0.15151515151515152,0.6818181818181819,3.1,0.23,59.0,44.7
410,411,Thomas Partey,GHA,"MF,DF",Arsenal,31,35,31.1,36.0,185.0,0.06,0.13,0.07,0.07,0.6430868167202572,0.06430868167202572,0.19292604501607716,2.0,0.42,33.0,68.6
411,412,Nathan Patterson,SCO,DF,Everton,22,10,3.9,6.0,13.0,0.26,0.0,0.11,0.02,1.0256410256410258,0.7692307692307693,0.25641025641025644,2.85,0.26,5.0,75.0
412,413,Andreas Pereira,BRA,MF,Fulham,28,33,22.4,29.0,104.0,0.18,0.09,0.21,0.14,2.544642857142857,0.17857142857142858,0.22321428571428573,4.65,0.36,46.0,46.7
413,414,Ricardo Pereira,POR,DF,Leicester City,30,10,4.3,3.0,18.0,0.0,0.0,0.0,0.02,0.0,0.0,0.0,0.7,0.0,5.0,66.7
414,415,Kalvin Phillips,ENG,MF,Ipswich Town,28,19,13.7,4.0,51.0,0.0,0.0,0.02,0.03,0.36496350364963503,0.07299270072992702,0.07299270072992702,1.24,0.22,5.0,41.7
415,416,Jaden Philogene Bidace,ENG,"FW,MF",Aston Villa,22,11,3.7,7.0,4.0,0.0,0.0,0.08,0.13,0.27027027027027023,0.0,0.27027027027027023,1.36,0.0,14.0,26.7
416,417,Jaden Philogene Bidace,ENG,"FW,DF",Ipswich Town,22,10,5.3,13.0,10.0,0.0,0.38,0.05,0.37,0.9433962264150944,0.5660377358490566,0.0,1.71,0.0,18.0,27.8
417,418,Jordan Pickford,ENG,GK,Everton,30,38,38.0,0.0,0.0,0.03,0.0,0.01,0.0,0.05263157894736842,0.0,0.0,0.34,0.05,0.0,0.0
418,419,Ethan Pinnock,JAM,DF,Brentford,31,22,21.3,3.0,41.0,0.0,0.09,0.05,0.05,0.3755868544600939,0.046948356807511735,0.0,0.99,0.0,24.0,33.3
419,420,Daniel Podence,POR,"MF,FW",Wolves,28,2,0.5,1.0,2.0,0.0,0.0,0.0,0.07,0.0,0.0,0.0,0.0,0.0,0.0,100.0
420,421,Alfie Pond,ENG,DF,Wolves,20,1,0.0,0.0,0.0,0.0,0.0,0.0,0.0,0.0,0.0,0.0,0.0,0.0,0.0,0.0
421,422,Nick Pope,ENG,GK,Newcastle Utd,32,28,28.0,0.0,1.0,0.0,0.0,0.0,0.0,0.03571428571428571,0.0,0.0,0.25,0.0,0.0,0.0
422,423,Pedro Porro,ESP,DF,Tottenham,24,33,29.0,65.0,154.0,0.21,0.07,0.17,0.05,1.9655172413793103,0.9310344827586207,0.13793103448275862,3.72,0.28,32.0,35.0
423,424,Jarell Quansah,ENG,DF,Liverpool,21,13,5.5,3.0,19.0,0.0,0.0,0.02,0.02,0.36363636363636365,0.0,0.0,0.55,0.0,6.0,33.3
424,425,Hákon Rafn Valdimarsson,ISL,GK,Brentford,22,2,1.6,0.0,0.0,0.0,0.0,0.0,0.0,0.0,0.0,0.0,1.24,0.0,0.0,0.0
425,426,Aaron Ramsdale,ENG,GK,Southampton,26,30,30.0,0.0,0.0,0.0,0.0,0.0,0.0,0.0,0.0,0.0,0.1,0.0,0.0,0.0
426,427,Jacob Ramsey,ENG,"FW,MF",Aston Villa,23,29,18.0,61.0,68.0,0.17,0.06,0.13,0.09,1.1666666666666667,0.05555555555555555,0.16666666666666666,2.83,0.44,74.0,54.3
427,428,Marcus Rashford,ENG,"FW,MF",Manchester Utd,26,15,10.9,20.0,21.0,0.09,0.37,0.19,0.16,1.3761467889908257,0.7339449541284403,0.5504587155963303,2.67,0.09,34.0,23.1
428,429,Marcus Rashford,ENG,FW,Aston Villa,26,10,4.9,22.0,13.0,0.41,0.2,0.46,0.46,2.6530612244897958,0.4081632653061224,0.6122448979591836,5.49,0.61,30.0,40.9
429,430,David Raya,ESP,GK,Arsenal,28,38,38.0,0.0,14.0,0.0,0.0,0.0,0.0,0.02631578947368421,0.0,0.0,0.13,0.03,0.0,100.0
430,431,Harrison Reed,ENG,MF,Fulham,29,12,1.2,1.0,4.0,0.0,0.0,0.07,0.21,0.8333333333333334,0.0,0.0,0.89,0.0,5.0,0.0
431,432,Remy Rees-Dottin,ENG,FW,Bournemouth,18,1,0.0,0.0,0.0,0.0,0.0,0.0,0.0,0.0,0.0,0.0,0.0,0.0,0.0,0.0
432,433,Sergio Reguilón,ESP,DF,Tottenham,27,4,2.2,5.0,13.0,0.0,0.0,0.01,0.05,0.45454545454545453,0.45454545454545453,0.0,0.46,0.0,3.0,33.3
433,434,Vitor Reis,BRA,DF,Manchester City,18,1,0.0,0.0,0.0,0.0,0.0,0.0,0.0,0.0,0.0,0.0,0.0,0.0,0.0,100.0
434,435,Chadi Riad,MAR,DF,Crystal Palace,21,1,1.0,2.0,7.0,0.0,0.0,0.0,0.0,0.0,0.0,0.0,0.0,0.0,0.0,0.0
435,436,Declan Rice,ENG,MF,Arsenal,25,35,31.4,90.0,192.0,0.22,0.13,0.21,0.11,1.8789808917197452,0.15923566878980894,0.15923566878980894,3.54,0.32,81.0,48.3
436,437,Chris Richards,USA,DF,Crystal Palace,24,24,21.4,6.0,39.0,0.0,0.05,0.0,0.06,0.09345794392523366,0.04672897196261683,0.09345794392523366,0.42,0.09,19.0,16.7
437,438,Richarlison,BRA,FW,Tottenham,27,15,5.6,8.0,11.0,0.18,0.71,0.16,0.66,0.7142857142857143,0.35714285714285715,0.0,1.43,0.18,29.0,6.3
438,439,Andrew Robertson,SCO,DF,Liverpool,30,33,27.6,64.0,176.0,0.04,0.0,0.17,0.04,1.4492753623188406,0.6159420289855072,0.14492753623188406,2.9,0.14,53.0,38.9
439,440,Antonee Robinson,USA,DF,Fulham,26,36,35.2,118.0,131.0,0.28,0.0,0.12,0.02,1.221590909090909,0.8238636363636362,0.028409090909090908,2.27,0.31,70.0,45.8
440,441,Jay Robinson,ENG,"MF,FW",Southampton,17,4,1.5,3.0,1.0,0.0,0.0,0.44,0.03,2.0,0.0,0.0,5.26,0.66,5.0,54.5
441,442,Rodri,ESP,MF,Manchester City,28,3,0.8,1.0,4.0,0.0,0.0,0.06,0.0,1.25,0.0,0.0,2.47,0.0,0.0,0.0
442,443,Guido Rodríguez,ARG,MF,West Ham,30,23,12.8,4.0,33.0,0.08,0.0,0.01,0.02,0.3125,0.0,0.078125,0.94,0.08,5.0,50.0
443,444,Mads Roerslev,DEN,DF,Brentford,25,19,12.2,17.0,51.0,0.16,0.0,0.24,0.02,1.1475409836065575,0.3278688524590164,0.0,1.72,0.16,20.0,36.8
444,445,Morgan Rogers,ENG,"FW,MF",Aston Villa,22,37,34.6,114.0,123.0,0.29,0.23,0.23,0.19,1.4739884393063583,0.08670520231213873,0.6358381502890174,3.04,0.46,142.0,41.3
445,446,Cristian Romero,ARG,DF,Tottenham,26,18,15.7,12.0,71.0,0.0,0.06,0.04,0.1,0.445859872611465,0.06369426751592357,0.25477707006369427,1.27,0.25,23.0,25.0
446,447,Georginio Rutter,FRA,"MF,FW",Brighton,22,28,18.4,42.0,67.0,0.16,0.27,0.14,0.25,1.032608695652174,0.05434782608695653,0.6521739130434783,3.47,0.43,79.0,38.0
447,448,José Sá,POR,GK,Wolves,31,29,29.0,0.0,2.0,0.0,0.0,0.01,0.0,0.10344827586206896,0.0,0.034482758620689655,0.17,0.0,0.0,100.0
448,449,Bukayo Saka,ENG,"FW,MF",Arsenal,22,25,19.2,96.0,70.0,0.52,0.26,0.4,0.31,3.0208333333333335,0.625,0.20833333333333334,6.09,1.2,162.0,45.6
449,450,Mohamed Salah,EGY,FW,Liverpool,32,38,37.5,154.0,144.0,0.48,0.53,0.38,0.49,2.3466666666666667,0.4,0.5066666666666667,4.51,0.72,356.0,42.3
450,451,William Saliba,FRA,DF,Arsenal,23,35,33.8,16.0,138.0,0.0,0.06,0.03,0.07,0.20710059171597636,0.0,0.02958579881656805,0.8,0.03,18.0,63.2
451,452,Robert Sánchez,ESP,GK,Chelsea,26,32,32.0,0.0,1.0,0.0,0.0,0.0,0.0,0.0625,0.0,0.0,0.22,0.06,0.0,0.0
452,453,Jadon Sancho,ENG,FW,Chelsea,24,31,19.6,102.0,90.0,0.2,0.15,0.19,0.11,1.9387755102040816,0.0,0.3571428571428571,3.57,0.51,121.0,46.4
453,454,Ibrahim Sangaré,CIV,MF,Nott'ham Forest,26,13,6.6,1.0,27.0,0.15,0.0,0.06,0.0,0.6060606060606061,0.15151515151515152,0.15151515151515152,1.22,0.0,7.0,0.0
454,455,Pablo Sarabia,ESP,"MF,FW",Wolves,32,23,9.0,15.0,60.0,0.22,0.33,0.19,0.32,1.6666666666666667,0.3333333333333333,0.5555555555555556,3.1,0.55,24.0,40.0
455,456,Jeremy Sarmiento,ECU,MF,Brighton,22,1,0.1,0.0,0.0,0.0,0.0,0.0,0.0,0.0,0.0,0.0,0.0,0.0,0.0,0.0
456,457,Ismaila Sarr,SEN,MF,Crystal Palace,26,38,30.1,75.0,85.0,0.2,0.27,0.28,0.35,1.4617940199335548,0.2990033222591362,0.4318936877076412,3.65,0.4,135.0,27.9
457,458,Sávio,BRA,"FW,MF",Manchester City,20,29,19.6,137.0,67.0,0.41,0.05,0.35,0.26,2.346938775510204,0.4081632653061224,0.25510204081632654,5.66,0.76,154.0,46.0
458,459,Oliver Scarles,ENG,"DF,FW",West Ham,18,15,7.4,12.0,22.0,0.0,0.0,0.01,0.01,0.27027027027027023,0.13513513513513511,0.13513513513513511,0.81,0.0,9.0,28.6
459,460,Dane Scarlett,ENG,"FW,MF",Tottenham,20,3,0.4,1.0,1.0,2.65,0.0,0.12,0.09,2.5,0.0,0.0,2.65,2.65,1.0,0.0
460,461,Kevin Schade,GER,FW,Brentford,22,38,25.5,61.0,38.0,0.08,0.43,0.14,0.32,0.9019607843137255,0.11764705882352941,0.0392156862745098,2.24,0.35,146.0,33.7
461,462,Fabian Schär,SUI,DF,Newcastle Utd,32,34,32.6,18.0,118.0,0.0,0.12,0.01,0.11,0.15337423312883436,0.0,0.12269938650306748,1.13,0.12,42.0,61.5
462,463,Jeffrey Schlupp,GHA,"MF,DF",Crystal Palace,31,12,1.1,4.0,5.0,0.0,0.0,0.14,0.14,2.727272727272727,0.0,0.0,6.06,0.0,6.0,100.0
463,464,Alex Scott,ENG,MF,Bournemouth,20,20,8.4,15.0,52.0,0.0,0.0,0.11,0.09,1.4285714285714286,0.11904761904761904,0.23809523809523808,3.45,0.24,18.0,23.1
464,465,Matz Sels,BEL,GK,Nott'ham Forest,32,38,38.0,1.0,2.0,0.0,0.0,0.01,0.0,0.05263157894736842,0.0,0.0,0.16,0.0,0.0,0.0
465,466,Nélson Semedo,POR,DF,Wolves,30,34,32.1,67.0,80.0,0.12,0.0,0.09,0.03,0.778816199376947,0.40498442367601245,0.03115264797507788,1.87,0.19,27.0,45.1
466,467,Antoine Semenyo,GHA,FW,Bournemouth,24,37,35.6,140.0,109.0,0.14,0.31,0.16,0.28,1.2921348314606742,0.2247191011235955,0.25280898876404495,3.71,0.37,191.0,51.1
467,468,Marcos Senesi,ARG,DF,Bournemouth,27,17,12.3,12.0,62.0,0.0,0.0,0.02,0.07,0.24390243902439024,0.24390243902439024,0.0,1.3,0.08,16.0,60.0
468,469,Ryan Sessegnon,ENG,"FW,DF",Fulham,24,16,6.4,18.0,22.0,0.31,0.62,0.17,0.25,1.875,0.3125,0.0,3.72,0.62,45.0,38.1
469,470,Luke Shaw,ENG,DF,Manchester Utd,29,7,3.9,7.0,24.0,0.0,0.0,0.18,0.01,1.2820512820512822,0.25641025641025644,0.25641025641025644,2.58,0.0,4.0,0.0
470,471,Zain Silcott-Duberry,MSR,FW,Bournemouth,19,1,0.0,0.0,0.0,0.0,0.0,0.0,0.0,0.0,0.0,0.0,0.0,0.0,0.0,0.0
471,472,Bernardo Silva,POR,"MF,FW",Manchester City,29,33,29.7,101.0,134.0,0.13,0.13,0.17,0.13,1.7845117845117846,0.2356902356902357,0.13468013468013468,3.1,0.27,141.0,45.9
472,473,Jota Silva,POR,"FW,MF",Nott'ham Forest,24,31,9.5,21.0,18.0,0.11,0.32,0.3,0.22,1.4736842105263157,0.3157894736842105,0.10526315789473684,3.06,0.32,46.0,29.4
473,474,Eric da Silva Moreira,GER,"MF,DF",Nott'ham Forest,18,2,0.3,1.0,0.0,0.0,0.0,0.0,0.0,0.0,0.0,0.0,0.0,0.0,0.0,0.0
474,475,Jahmai Simpson-Pusey,ENG,DF,Manchester City,18,2,1.1,1.0,3.0,0.0,0.0,0.0,0.0,0.0,0.0,0.0,0.0,0.0,1.0,0.0
475,476,Luis Sinisterra,COL,"FW,MF",Bournemouth,25,12,2.6,19.0,6.0,0.38,0.38,0.54,0.46,3.4615384615384612,0.7692307692307692,0.0,5.29,0.38,23.0,40.0
476,477,Oliver Skipp,ENG,MF,Leicester City,23,24,12.5,16.0,35.0,0.0,0.0,0.02,0.03,0.72,0.0,0.16,1.2,0.0,9.0,58.3
477,478,William Smallbone,IRL,MF,Southampton,24,18,7.7,5.0,27.0,0.0,0.13,0.1,0.07,1.2987012987012987,0.38961038961038963,0.12987012987012986,2.09,0.0,17.0,66.7
478,479,Adam Smith,ENG,DF,Bournemouth,33,25,17.7,15.0,49.0,0.0,0.0,0.02,0.04,0.4519774011299435,0.2824858757062147,0.05649717514124294,1.3,0.11,8.0,37.5
479,480,Emile Smith Rowe,ENG,MF,Fulham,24,34,22.7,53.0,126.0,0.13,0.26,0.06,0.2,1.0572687224669604,0.04405286343612335,0.0881057268722467,3.22,0.53,60.0,45.7
480,481,Dominic Solanke,ENG,FW,Tottenham,26,27,24.5,31.0,47.0,0.12,0.33,0.12,0.41,0.5714285714285714,0.0,0.12244897959183673,1.51,0.33,112.0,33.3
481,482,Carlos Soler,ESP,"MF,FW",West Ham,27,31,15.7,17.0,56.0,0.06,0.06,0.09,0.12,1.1464968152866242,0.0,0.25477707006369427,3.26,0.13,26.0,44.4
482,483,Julio Soler,ARG,"DF,FW",Bournemouth,19,3,0.1,0.0,0.0,0.0,0.0,0.0,0.0,0.0,0.0,0.0,0.0,0.0,0.0,0.0
483,484,Ramón Sosa,PAR,"FW,MF",Nott'ham Forest,24,19,3.3,12.0,6.0,0.0,0.31,0.15,0.31,2.4242424242424243,0.9090909090909092,0.0,4.23,0.0,15.0,61.5
484,485,Tomáš Souček,CZE,MF,West Ham,29,35,28.5,9.0,74.0,0.04,0.32,0.04,0.24,0.49122807017543857,0.03508771929824561,0.0,1.54,0.11,102.0,50.0
485,486,Boubakary Soumaré,FRA,MF,Leicester City,25,31,24.1,34.0,105.0,0.0,0.0,0.02,0.01,0.45643153526970953,0.12448132780082986,0.12448132780082986,1.45,0.12,18.0,60.0
486,487,Djed Spence,ENG,DF,Tottenham,23,25,19.9,59.0,105.0,0.1,0.05,0.09,0.03,0.5527638190954774,0.4020100502512563,0.10050251256281408,1.46,0.25,25.0,50.0
487,488,Jay Stansfield,ENG,MF,Fulham,21,1,0.0,0.0,0.0,0.0,0.0,0.0,0.0,0.0,0.0,0.0,0.0,0.0,0.0,0.0
488,489,Jason Steele,ENG,GK,Brighton,33,2,2.0,0.0,0.0,0.0,0.0,0.0,0.0,0.0,0.0,0.0,0.0,0.0,0.0,0.0
489,490,Jack Stephens,ENG,DF,Southampton,30,19,15.4,14.0,63.0,0.0,0.06,0.01,0.04,0.19480519480519481,0.0,0.0,0.84,0.0,11.0,0.0
490,491,Raheem Sterling,ENG,"FW,MF",Arsenal,29,17,5.5,27.0,18.0,0.36,0.0,0.09,0.26,1.4545454545454546,0.36363636363636365,0.0,3.43,0.54,38.0,33.3
491,492,Ross Stewart,SCO,FW,Southampton,28,12,4.3,3.0,2.0,0.0,0.23,0.0,0.25,0.0,0.0,0.0,1.16,0.0,15.0,60.0
492,493,Jakub Stolarczyk,POL,GK,Leicester City,23,10,10.0,0.0,1.0,0.0,0.0,0.0,0.0,0.0,0.0,0.0,0.0,0.0,0.0,0.0
493,494,John Stones,ENG,"DF,MF",Manchester City,30,11,6.1,10.0,21.0,0.0,0.33,0.01,0.07,0.3278688524590164,0.0,0.0,1.31,0.33,4.0,100.0
494,495,Jørgen Strand Larsen,NOR,FW,Wolves,24,35,28.7,17.0,29.0,0.14,0.49,0.1,0.36,0.7317073170731707,0.03484320557491289,0.03484320557491289,1.46,0.21,108.0,40.0
495,496,Yukinari Sugawara,JPN,"DF,MF",Southampton,24,30,17.3,33.0,72.0,0.06,0.06,0.13,0.03,0.9826589595375722,0.5202312138728323,0.057803468208092484,2.25,0.06,29.0,45.0
496,497,Kamaldeen Sulemana,GHA,"FW,MF",Southampton,22,26,15.6,63.0,27.0,0.06,0.06,0.06,0.1,0.6410256410256411,0.44871794871794873,0.0,1.93,0.19,59.0,37.9
497,498,Crysencio Summerville,NED,"FW,MF",West Ham,22,19,8.7,29.0,18.0,0.11,0.11,0.19,0.19,1.9540229885057472,0.574712643678161,0.3448275862068966,4.01,0.11,38.0,33.3
498,499,Sammie Szmodics,IRL,"FW,MF",Ipswich Town,28,20,11.0,16.0,19.0,0.0,0.36,0.02,0.31,0.45454545454545453,0.09090909090909091,0.0,0.91,0.0,33.0,33.3
499,500,Dominik Szoboszlai,HUN,MF,Liverpool,23,36,27.7,72.0,131.0,0.22,0.22,0.27,0.27,2.0216606498194944,0.18050541516245489,0.18050541516245489,4.3,0.58,104.0,51.2
500,501,Matt Targett,ENG,DF,Newcastle Utd,28,2,0.2,0.0,0.0,0.0,0.0,0.0,0.0,0.0,5.0,0.0,0.0,0.0,0.0,0.0
501,502,James Tarkowski,ENG,DF,Everton,31,33,32.5,9.0,75.0,0.03,0.03,0.09,0.04,0.49230769230769234,0.0,0.06153846153846154,1.17,0.12,57.0,71.4
502,503,Marcus Tavernier,ENG,"FW,MF",Bournemouth,25,29,21.5,53.0,128.0,0.23,0.14,0.19,0.25,2.0,0.6511627906976745,0.23255813953488372,4.55,0.51,58.0,43.1
503,504,Charlie Taylor,ENG,DF,Southampton,30,8,4.0,3.0,9.0,0.0,0.0,0.02,0.0,0.25,0.25,0.0,0.51,0.25,2.0,100.0
504,505,Jack Taylor,IRL,MF,Ipswich Town,26,32,9.6,11.0,43.0,0.0,0.1,0.06,0.08,0.5208333333333334,0.10416666666666667,0.20833333333333334,2.3,0.21,8.0,36.4
505,506,Mathys Tel,FRA,FW,Tottenham,19,13,10.1,28.0,21.0,0.1,0.1,0.25,0.22,1.3861386138613863,0.39603960396039606,0.19801980198019803,2.77,0.2,40.0,28.3
506,507,Kenny Tete,NED,DF,Fulham,28,22,19.7,34.0,63.0,0.1,0.0,0.05,0.07,0.4568527918781726,0.30456852791878175,0.050761421319796954,1.83,0.2,37.0,45.0
507,508,Thiago,BRA,"FW,MF",Brentford,23,8,1.9,3.0,4.0,0.0,0.0,0.04,0.07,1.0526315789473684,0.0,0.0,1.55,0.0,4.0,60.0
508,509,Luke Thomas,ENG,DF,Leicester City,23,14,12.3,5.0,37.0,0.0,0.0,0.04,0.03,0.7317073170731707,0.16260162601626016,0.0,1.3,0.08,8.0,50.0
509,510,Youri Tielemans,BEL,MF,Aston Villa,27,36,33.6,39.0,235.0,0.21,0.09,0.21,0.07,1.7857142857142856,0.11904761904761904,0.7142857142857143,3.63,0.36,45.0,50.8
510,511,Kieran Tierney,SCO,"DF,FW",Arsenal,27,13,2.9,8.0,15.0,0.0,0.35,0.48,0.12,2.7586206896551726,0.6896551724137931,0.3448275862068966,3.47,0.0,6.0,50.0
511,512,Jurriën Timber,NED,DF,Arsenal,23,30,26.9,57.0,146.0,0.11,0.04,0.03,0.05,0.6319702602230484,0.07434944237918216,0.07434944237918216,1.94,0.34,66.0,45.3
512,513,Jean-Clair Todibo,FRA,DF,West Ham,24,27,20.3,9.0,38.0,0.0,0.0,0.0,0.02,0.09852216748768472,0.0,0.0,0.25,0.0,11.0,56.3
513,514,Harry Toffolo,ENG,DF,Nott'ham Forest,28,4,1.5,0.0,2.0,0.0,0.0,0.0,0.01,0.0,0.0,0.0,0.0,0.0,2.0,0.0
514,515,Takehiro Tomiyasu,JPN,DF,Arsenal,25,1,0.1,0.0,1.0,0.0,0.0,0.0,2.37,0.0,0.0,0.0,12.86,0.0,1.0,0.0
515,516,Sandro Tonali,ITA,MF,Newcastle Utd,24,36,29.2,37.0,128.0,0.07,0.14,0.07,0.15,0.9589041095890412,0.17123287671232876,0.2397260273972603,2.67,0.31,45.0,54.1
516,517,Pau Torres,ESP,DF,Aston Villa,27,24,22.4,40.0,97.0,0.0,0.0,0.01,0.02,0.13392857142857142,0.0,0.17857142857142858,0.62,0.09,17.0,88.2
517,518,Conor Townsend,ENG,DF,Ipswich Town,31,6,3.7,2.0,8.0,0.27,0.0,0.18,0.01,1.081081081081081,0.5405405405405405,0.27027027027027023,1.34,0.27,5.0,0.0
518,519,Adama Traoré,ESP,"FW,MF",Fulham,28,36,19.7,100.0,68.0,0.36,0.1,0.25,0.2,2.1319796954314723,1.116751269035533,0.30456852791878175,4.16,0.51,91.0,49.5
519,520,Boubacar Traoré,MLI,MF,Wolves,22,1,0.0,0.0,0.0,0.0,0.0,0.0,0.0,0.0,0.0,0.0,0.0,0.0,0.0,0.0
520,521,Mark Travers,IRL,GK,Bournemouth,25,5,5.0,0.0,0.0,0.0,0.0,0.0,0.0,0.0,0.0,0.0,0.0,0.0,0.0,0.0
521,522,Ryan Trevitt,ENG,MF,Brentford,21,1,0.0,0.0,0.0,0.0,0.0,0.0,0.0,0.0,0.0,0.0,0.0,0.0,0.0,0.0
522,523,Kieran Trippier,ENG,DF,Newcastle Utd,33,25,14.5,26.0,117.0,0.21,0.0,0.1,0.01,1.5172413793103448,0.13793103448275862,0.20689655172413793,3.71,0.41,13.0,50.0
523,524,Leandro Trossard,BEL,FW,Arsenal,29,38,28.3,80.0,101.0,0.25,0.28,0.22,0.25,1.448763250883392,0.35335689045936397,0.24734982332155475,3.29,0.28,158.0,44.2
524,525,Kostas Tsimikas,GRE,DF,Liverpool,28,18,9.3,17.0,76.0,0.11,0.0,0.23,0.04,1.7204301075268815,0.4301075268817204,0.1075268817204301,3.33,0.21,13.0,41.7
525,526,Axel Tuanzebe,COD,DF,Ipswich Town,26,22,19.0,10.0,61.0,0.05,0.0,0.02,0.01,0.2631578947368421,0.05263157894736842,0.0,1.0,0.11,8.0,40.0
526,527,Destiny Udogie,ITA,DF,Tottenham,21,25,21.4,54.0,121.0,0.05,0.0,0.07,0.01,0.7476635514018692,0.04672897196261683,0.0,1.68,0.14,49.0,40.6
527,528,Manuel Ugarte Ribeiro,URU,MF,Manchester Utd,23,29,19.8,16.0,61.0,0.1,0.05,0.06,0.05,0.5050505050505051,0.15151515151515152,0.10101010101010101,1.56,0.2,16.0,56.3
528,529,Lesley Ugochukwu,FRA,MF,Southampton,20,26,18.4,29.0,49.0,0.05,0.05,0.06,0.05,0.7608695652173914,0.05434782608695653,0.10869565217391305,1.3,0.05,24.0,67.9
529,530,Enes Ünal,TUR,"FW,MF",Bournemouth,27,17,3.8,4.0,12.0,0.26,0.52,0.1,0.72,1.0526315789473684,0.0,0.2631578947368421,2.35,0.78,26.0,8.3
530,531,Virgil van Dijk,NED,DF,Liverpool,33,37,37.0,22.0,198.0,0.03,0.08,0.02,0.06,0.32432432432432434,0.0,0.02702702702702703,1.3,0.11,48.0,60.0
531,532,Jamie Vardy,ENG,FW,Leicester City,37,35,31.4,29.0,22.0,0.13,0.26,0.1,0.31,0.6050955414012739,0.03184713375796178,0.03184713375796178,1.5,0.32,111.0,47.8
532,533,Renato Veiga,POR,"DF,MF",Chelsea,21,7,2.0,4.0,7.0,0.0,0.0,0.0,0.07,0.0,0.0,0.0,0.49,0.0,3.0,60.0
533,534,Joël Veltman,NED,DF,Brighton,32,21,18.9,32.0,85.0,0.0,0.0,0.02,0.02,0.3174603174603175,0.2645502645502646,0.10582010582010583,1.22,0.11,10.0,26.7
534,535,Micky van de Ven,NED,DF,Tottenham,23,13,11.3,8.0,51.0,0.18,0.0,0.1,0.05,0.17699115044247787,0.0,0.0,0.98,0.18,9.0,50.0
535,536,Bart Verbruggen,NED,GK,Brighton,21,36,36.0,0.0,2.0,0.03,0.0,0.0,0.0,0.027777777777777776,0.0,0.0,0.14,0.03,0.0,100.0
536,537,Jannik Vestergaard,DEN,DF,Leicester City,31,18,15.5,3.0,32.0,0.0,0.0,0.01,0.01,0.1935483870967742,0.0,0.0,0.45,0.0,10.0,100.0
537,538,Guglielmo Vicario,ITA,GK,Tottenham,27,24,24.0,0.0,1.0,0.0,0.0,0.0,0.0,0.0,0.0,0.0,0.17,0.0,0.0,100.0
538,539,Carlos Vinícius,BRA,"MF,FW",Fulham,29,3,0.2,1.0,0.0,0.0,0.0,0.0,0.21,0.0,0.0,0.0,11.25,0.0,2.0,100.0
539,540,Kyle Walker,ENG,DF,Manchester City,34,15,10.8,12.0,64.0,0.0,0.0,0.04,0.01,0.6481481481481481,0.37037037037037035,0.18518518518518517,1.58,0.0,5.0,50.0
540,541,Kyle Walker-Peters,ENG,DF,Southampton,27,33,32.4,114.0,139.0,0.06,0.0,0.09,0.03,0.7407407407407408,0.1234567901234568,0.154320987654321,1.94,0.22,59.0,41.3
541,542,Christian Walton,ENG,GK,Ipswich Town,28,7,7.0,0.0,0.0,0.0,0.0,0.0,0.0,0.14285714285714285,0.0,0.0,0.29,0.0,0.0,0.0
542,543,Aaron Wan-Bissaka,ENG,DF,West Ham,26,36,35.0,110.0,149.0,0.14,0.06,0.1,0.03,0.9428571428571428,0.3142857142857143,0.14285714285714285,2.65,0.29,48.0,52.5
543,544,Danny Ward,WAL,GK,Leicester City,31,2,1.5,0.0,0.0,0.0,0.0,0.0,0.0,0.0,0.0,0.0,0.0,0.0,0.0,0.0
544,545,Joel Ward,ENG,DF,Crystal Palace,34,2,0.8,0.0,1.0,0.0,0.0,0.06,0.0,1.25,0.0,0.0,1.27,0.0,0.0,0.0
545,546,James Ward-Prowse,ENG,MF,West Ham,29,15,11.5,11.0,54.0,0.09,0.09,0.17,0.14,1.7391304347826086,0.17391304347826086,0.0,2.95,0.09,11.0,40.0
546,547,James Ward-Prowse,ENG,MF,Nott'ham Forest,29,9,4.4,1.0,16.0,0.23,0.0,0.25,0.01,0.9090909090909091,0.0,0.0,2.25,0.45,1.0,0.0
547,548,Ollie Watkins,ENG,FW,Aston Villa,28,38,28.9,55.0,31.0,0.28,0.48,0.12,0.48,0.8304498269896194,0.0,0.03460207612456748,1.84,0.42,168.0,24.4
548,549,Adam Webster,ENG,DF,Brighton,29,14,9.9,8.0,63.0,0.0,0.0,0.05,0.03,0.30303030303030304,0.0,0.0,1.42,0.41,15.0,33.3
549,550,Danny Welbeck,ENG,FW,Brighton,33,30,23.5,21.0,47.0,0.17,0.38,0.06,0.37,0.9787234042553191,0.0,0.0,2.26,0.34,102.0,35.1
550,551,Welington,BRA,DF,Southampton,23,10,5.4,5.0,11.0,0.0,0.0,0.01,0.01,0.5555555555555555,0.7407407407407407,0.0,1.31,0.19,3.0,55.6
551,552,Timo Werner,GER,"FW,MF",Tottenham,28,18,5.7,42.0,30.0,0.52,0.0,0.44,0.17,1.7543859649122806,0.3508771929824561,0.3508771929824561,3.13,0.52,33.0,52.6
552,553,Adam Wharton,ENG,MF,Crystal Palace,20,20,14.6,14.0,107.0,0.14,0.0,0.21,0.03,1.7808219178082192,0.3424657534246575,0.3424657534246575,4.03,0.41,11.0,20.0
553,554,Ben White,ENG,DF,Arsenal,26,17,13.3,23.0,59.0,0.15,0.0,0.1,0.03,0.7518796992481203,0.15037593984962405,0.07518796992481203,1.73,0.15,28.0,0.0
554,555,Mats Wieffer,NED,"DF,MF",Brighton,24,25,11.3,18.0,62.0,0.27,0.09,0.14,0.07,1.415929203539823,0.17699115044247787,0.0,2.83,0.53,22.0,46.7
555,556,Neco Williams,WAL,DF,Nott'ham Forest,23,35,28.8,68.0,89.0,0.1,0.03,0.05,0.08,0.625,0.3472222222222222,0.034722222222222224,1.77,0.21,45.0,39.1
556,557,Willian,BRA,"FW,MF",Fulham,35,10,2.9,11.0,40.0,0.0,0.0,0.18,0.1,2.413793103448276,0.6896551724137931,0.0,5.93,0.0,7.0,14.3
557,558,Joe Willock,ENG,"MF,FW",Newcastle Utd,24,32,12.1,38.0,41.0,0.17,0.0,0.18,0.14,1.8181818181818183,0.0,0.0,3.73,0.33,55.0,34.3
558,559,Callum Wilson,ENG,FW,Newcastle Utd,32,18,4.1,5.0,4.0,0.0,0.0,0.03,0.09,0.7317073170731708,0.0,0.0,2.43,0.0,19.0,14.3
559,560,Harry Wilson,WAL,"FW,MF",Fulham,27,25,12.9,22.0,51.0,0.08,0.46,0.09,0.33,1.5503875968992247,0.07751937984496124,0.07751937984496124,3.41,0.23,63.0,37.5
560,561,Harry Winks,ENG,MF,Leicester City,28,22,17.1,19.0,101.0,0.12,0.0,0.07,0.01,0.9941520467836257,0.29239766081871343,0.23391812865497075,2.28,0.18,1.0,25.0
561,562,Ben Winterburn,ENG,"MF,FW",Bournemouth,19,4,0.3,2.0,0.0,0.0,0.0,0.0,0.0,0.0,0.0,0.0,0.0,0.0,1.0,0.0
562,563,Yoane Wissa,COD,FW,Brentford,27,35,32.4,60.0,67.0,0.12,0.59,0.08,0.57,0.8333333333333334,0.0308641975308642,0.154320987654321,2.13,0.31,163.0,30.6
563,564,Chris Wood,NZL,FW,Nott'ham Forest,32,36,32.9,14.0,42.0,0.09,0.52,0.08,0.34,0.668693009118541,0.030395136778115502,0.060790273556231005,1.34,0.15,105.0,30.8
564,565,Nathan Wood-Gordon,ENG,DF,Southampton,22,11,8.6,2.0,17.0,0.0,0.0,0.0,0.03,0.11627906976744186,0.0,0.0,0.35,0.0,3.0,66.7
565,566,Luke Woolfenden,ENG,DF,Ipswich Town,25,15,13.2,7.0,15.0,0.0,0.0,0.0,0.0,0.0,0.0,0.0,0.15,0.0,3.0,0.0
566,567,Yehor Yarmoliuk,UKR,MF,Brentford,20,31,16.1,15.0,63.0,0.0,0.0,0.05,0.04,0.5590062111801242,0.24844720496894407,0.24844720496894407,1.62,0.12,15.0,48.1
567,568,Ryan Yates,ENG,MF,Nott'ham Forest,26,35,21.3,18.0,53.0,0.05,0.09,0.05,0.11,0.8450704225352113,0.0,0.0,1.78,0.14,41.0,50.0
568,569,Leny Yoro,FRA,DF,Manchester Utd,18,21,12.9,19.0,52.0,0.0,0.0,0.01,0.05,0.15503875968992248,0.07751937984496124,0.15503875968992248,0.7,0.0,13.0,50.0
569,570,Ashley Young,ENG,DF,Everton,39,32,20.8,24.0,90.0,0.14,0.05,0.11,0.01,1.25,0.673076923076923,0.14423076923076922,2.25,0.29,9.0,35.0
570,571,Illia Zabarnyi,UKR,DF,Bournemouth,21,36,34.5,27.0,140.0,0.03,0.0,0.02,0.04,0.34782608695652173,0.0,0.17391304347826086,0.84,0.03,16.0,66.7
571,572,Oleksandr Zinchenko,UKR,"DF,MF",Arsenal,27,15,5.9,10.0,48.0,0.17,0.0,0.03,0.11,0.5084745762711864,0.5084745762711864,0.3389830508474576,3.76,0.34,20.0,60.0
572,573,Joshua Zirkzee,NED,"FW,MF",Manchester Utd,23,32,15.6,14.0,44.0,0.06,0.19,0.1,0.31,0.7692307692307693,0.0,0.38461538461538464,1.99,0.19,56.0,31.4
573,574,Martin Ødegaard,NOR,MF,Arsenal,25,30,25.8,92.0,258.0,0.31,0.08,0.21,0.16,2.441860465116279,0.19379844961240308,0.9689922480620154,4.8,0.7,115.0,42.4
