,Rk,Player,Nation,Pos,Squad,Age,90s,Tkl,TklW,Blocks,Int,Clr,Err,Tackles,Tackles_Won,Interceptions,Clearances,Errors,Aerial Duels Won%
0,1,Max Aarons,ENG,DF,Bournemouth,24,1.0,2,2,3.0,1,0,0,2.0,2.0,1.0,3.0,0.0,0.0
1,2,Joshua Acheampong,ENG,DF,Chelsea,18,1.9,2,1,0.5263157894736842,1,2,0,1.0526315789473684,0.5263157894736842,0.5263157894736842,0.2770083102493075,0.0,14.3
2,3,Tyler Adams,USA,MF,Bournemouth,25,21.8,83,50,1.5137614678899083,32,42,0,3.8073394495412844,2.293577981651376,1.4678899082568806,0.0694385994444912,0.0,63.3
3,4,Tosin Adarabioyo,ENG,DF,Chelsea,26,15.7,17,13,0.5732484076433121,11,80,0,1.0828025477707006,0.8280254777070064,0.7006369426751593,0.036512637429510324,0.0,60.0
4,5,Simon Adingra,CIV,"FW,MF",Brighton,22,12.2,23,14,0.9836065573770493,8,6,2,1.8852459016393444,1.1475409836065575,0.6557377049180328,0.0806234883095942,0.1639344262295082,63.6
5,6,Emmanuel Agbadou,CIV,DF,Wolves,27,15.7,30,19,1.2101910828025477,12,90,0,1.910828025477707,1.2101910828025477,0.7643312101910829,0.0770822345734107,0.0,56.5
6,7,Asher Agbinone,ENG,MF,Crystal Palace,18,0.1,2,1,0.0,0,0,0,20.0,10.0,0.0,0.0,0.0,0.0
7,8,Ola Aina,NGA,DF,Nott'ham Forest,27,33.3,55,42,1.021021021021021,33,115,4,1.6516516516516517,1.2612612612612615,0.9909909909909911,0.03066129192255319,0.12012012012012013,40.6
8,9,Rayan Aït-Nouri,ALG,DF,Wolves,23,34.5,89,57,1.2173913043478262,26,75,2,2.579710144927536,1.6521739130434783,0.7536231884057971,0.03528670447385003,0.057971014492753624,42.3
9,10,Kristoffer Ajer,NOR,DF,Brentford,26,16.0,26,18,1.0625,12,50,0,1.625,1.125,0.75,0.06640625,0.0,54.0
10,11,Manuel Akanji,SUI,DF,Manchester City,29,22.4,19,12,0.4910714285714286,9,64,3,0.8482142857142858,0.5357142857142857,0.4017857142857143,0.021922831632653066,0.13392857142857142,47.6
11,12,Nathan Aké,NED,DF,Manchester City,29,7.5,9,7,0.9333333333333333,3,22,1,1.2,0.9333333333333333,0.4,0.12444444444444444,0.13333333333333333,56.5
12,13,Carlos Alcaraz,ARG,MF,Southampton,21,0.1,0,0,0.0,1,0,0,0.0,0.0,10.0,0.0,0.0,100.0
13,14,Carlos Alcaraz,ARG,"FW,MF",Everton,21,8.5,11,5,1.0588235294117647,5,10,0,1.2941176470588236,0.5882352941176471,0.5882352941176471,0.12456747404844291,0.0,63.6
14,15,Trent Alexander-Arnold,ENG,DF,Liverpool,25,26.3,72,50,0.9885931558935361,31,55,4,2.7376425855513307,1.9011406844106464,1.1787072243346006,0.03758909337998236,0.1520912547528517,18.8
15,16,Alisson,BRA,GK,Liverpool,31,27.9,1,0,0.0,0,13,1,0.03584229390681004,0.0,0.0,0.0,0.03584229390681004,100.0
16,17,Miguel Almirón,PAR,FW,Newcastle Utd,30,1.7,3,2,1.1764705882352942,0,0,0,1.7647058823529411,1.1764705882352942,0.0,0.6920415224913495,0.0,0.0
17,18,Olabade Aluko,,DF,Leicester City,,0.0,1,1,0.0,0,0,0,0.0,0.0,0.0,0.0,0.0,0.0
18,19,Edson Álvarez,MEX,MF,West Ham,26,19.7,50,27,1.16751269035533,18,46,1,2.5380710659898478,1.3705583756345179,0.9137055837563453,0.05926460357133655,0.050761421319796954,56.6
19,20,Will Alves,ENG,FW,Leicester City,19,0.0,0,0,0.0,0,0,0,0.0,0.0,0.0,0.0,0.0,0.0
20,21,Harry Amass,ENG,DF,Manchester Utd,17,3.8,6,2,2.8947368421052633,2,11,0,1.5789473684210527,0.5263157894736842,0.5263157894736842,0.7617728531855956,0.0,53.8
21,22,Samuel Amo-Ameyaw,ENG,"FW,DF",Southampton,18,0.3,1,0,0.0,0,0,0,3.3333333333333335,0.0,0.0,0.0,0.0,0.0
22,23,Mathis Amougou,FRA,MF,Chelsea,18,0.1,0,0,0.0,0,0,0,0.0,0.0,0.0,0.0,0.0,0.0
23,24,Joachim Andersen,DEN,DF,Crystal Palace,28,1.0,1,1,0.0,0,7,0,1.0,1.0,0.0,0.0,0.0,100.0
24,25,Joachim Andersen,DEN,DF,Fulham,28,28.7,27,18,1.289198606271777,34,188,1,0.9407665505226481,0.6271777003484321,1.1846689895470384,0.044919812065218716,0.03484320557491289,64.2
25,26,Elliot Anderson,ENG,MF,Nott'ham Forest,21,30.3,92,56,1.584158415841584,31,76,4,3.036303630363036,1.8481848184818481,1.023102310231023,0.052282455968369106,0.132013201320132,65.1
26,27,André,BRA,MF,Wolves,23,27.5,91,55,1.5272727272727273,37,30,1,3.309090909090909,2.0,1.3454545454545455,0.05553719008264463,0.03636363636363636,25.0
27,28,Michail Antonio,JAM,FW,West Ham,34,9.3,2,2,0.6451612903225806,0,2,0,0.2150537634408602,0.2150537634408602,0.0,0.0693721817551162,0.0,43.6
28,29,Antony,BRA,"DF,MF",Manchester Utd,24,1.6,6,3,1.25,2,0,0,3.75,1.875,1.25,0.78125,0.0,0.0
29,30,Julian Araujo,MEX,DF,Bournemouth,22,5.5,10,5,0.5454545454545454,6,18,0,1.8181818181818181,0.9090909090909091,1.0909090909090908,0.09917355371900825,0.0,25.0
30,31,Cameron Archer,ENG,FW,Southampton,23,16.0,13,8,0.3125,2,11,0,0.8125,0.5,0.125,0.01953125,0.0,23.1
31,32,Alphonse Areola,FRA,GK,West Ham,31,25.1,2,2,0.0,0,15,3,0.0796812749003984,0.0796812749003984,0.0,0.0,0.1195219123505976,100.0
32,33,Joe Aribo,NGA,"MF,DF",Southampton,28,22.4,47,33,1.25,20,32,3,2.098214285714286,1.4732142857142858,0.8928571428571429,0.05580357142857143,0.13392857142857142,51.0
33,34,Adam Armstrong,ENG,"FW,MF",Southampton,27,13.9,12,3,0.4316546762589928,3,8,0,0.8633093525179856,0.2158273381294964,0.2158273381294964,0.031054293256042646,0.0,35.7
34,35,Harrison Armstrong,ENG,MF,Everton,17,0.5,0,0,0.0,0,1,0,0.0,0.0,0.0,0.0,0.0,0.0
35,36,Kepa Arrizabalaga,ESP,GK,Bournemouth,29,31.0,1,0,0.06451612903225806,0,15,3,0.03225806451612903,0.0,0.0,0.0020811654526534857,0.0967741935483871,87.5
36,37,Marco Asensio,ESP,MF,Aston Villa,28,8.3,7,5,0.8433734939759036,2,3,0,0.8433734939759036,0.6024096385542168,0.24096385542168672,0.1016112643344462,0.0,0.0
37,38,Brandon Austin,ENG,GK,Tottenham,25,1.0,0,0,0.0,0,1,0,0.0,0.0,0.0,0.0,0.0,100.0
38,39,Taiwo Awoniyi,NGA,FW,Nott'ham Forest,26,4.6,6,3,0.2173913043478261,0,7,0,1.3043478260869565,0.6521739130434783,0.0,0.047258979206049156,0.0,25.5
39,40,Yasin Ayari,SWE,MF,Brighton,20,21.8,59,32,1.1009174311926606,20,26,0,2.706422018348624,1.4678899082568806,0.9174311926605504,0.05050079959599361,0.0,44.4
40,41,Jordan Ayew,GHA,"FW,MF",Crystal Palace,32,0.2,1,0,0.0,0,0,0,5.0,0.0,0.0,0.0,0.0,50.0
41,42,Jordan Ayew,GHA,"FW,MF",Leicester City,32,18.2,27,15,1.153846153846154,12,19,0,1.4835164835164836,0.8241758241758242,0.6593406593406593,0.06339814032121725,0.0,31.6
42,43,Benoît Badiashile,FRA,DF,Chelsea,23,3.7,9,6,0.5405405405405405,6,12,2,2.4324324324324325,1.6216216216216215,1.6216216216216215,0.14609203798392983,0.5405405405405405,80.0
43,44,Leon Bailey,JAM,"FW,MF",Aston Villa,26,12.7,7,5,0.4724409448818898,3,12,0,0.5511811023622047,0.3937007874015748,0.2362204724409449,0.03720007440014881,0.0,40.0
44,45,Carlos Baleba,CMR,MF,Brighton,20,29.6,79,46,1.5878378378378377,46,44,1,2.668918918918919,1.554054054054054,1.554054054054054,0.05364317019722425,0.03378378378378378,60.0
45,46,Ross Barkley,ENG,MF,Aston Villa,30,6.5,14,3,1.3846153846153846,10,5,0,2.1538461538461537,0.46153846153846156,1.5384615384615385,0.21301775147928995,0.0,60.0
46,47,Harvey Barnes,ENG,FW,Newcastle Utd,26,19.5,16,9,0.41025641025641024,6,15,1,0.8205128205128205,0.46153846153846156,0.3076923076923077,0.021038790269559498,0.05128205128205128,28.6
47,48,Calvin Bassey,NGA,DF,Fulham,24,34.2,54,34,1.1695906432748537,20,118,8,1.5789473684210524,0.9941520467836257,0.5847953216374269,0.03419855682090215,0.23391812865497075,56.6
48,49,Altay Bayındır,TUR,GK,Manchester Utd,26,4.0,0,0,0.0,0,9,1,0.0,0.0,0.0,0.0,0.25,50.0
49,50,Jan Bednarek,POL,DF,Southampton,28,28.1,36,19,1.6725978647686832,56,190,5,1.281138790035587,0.6761565836298932,1.9928825622775799,0.05952305568571826,0.1779359430604982,65.7
50,51,Armel Bella Kotchap,GER,DF,Southampton,22,3.7,7,5,0.5405405405405405,5,21,1,1.8918918918918919,1.3513513513513513,1.3513513513513513,0.14609203798392983,0.27027027027027023,54.5
51,52,Jean-Ricner Bellegarde,FRA,"MF,FW",Wolves,26,18.6,39,24,1.021505376344086,10,18,1,2.096774193548387,1.2903225806451613,0.5376344086021505,0.05491964388946698,0.05376344086021505,34.5
52,53,Rodrigo Bentancur,URU,MF,Tottenham,27,18.3,40,22,1.366120218579235,40,38,1,2.1857923497267757,1.2021857923497268,2.1857923497267757,0.07465137806443907,0.0546448087431694,54.5
53,54,Daniel Bentley,ENG,GK,Wolves,31,2.0,0,0,0.0,0,1,0,0.0,0.0,0.0,0.0,0.0,100.0
54,55,Sander Berge,NOR,MF,Fulham,26,24.7,50,30,1.0931174089068827,21,38,1,2.0242914979757085,1.2145748987854252,0.8502024291497976,0.044255765542788775,0.04048582995951417,56.0
55,56,Lucas Bergvall,SWE,MF,Tottenham,18,13.5,39,19,1.3333333333333333,24,22,3,2.888888888888889,1.4074074074074074,1.7777777777777777,0.09876543209876543,0.2222222222222222,52.9
56,57,Victor Bernth Kristiansen,DEN,DF,Leicester City,21,27.6,87,51,1.3768115942028984,42,75,3,3.152173913043478,1.8478260869565217,1.5217391304347825,0.04988447805082965,0.10869565217391304,34.4
57,58,Beto,GNB,FW,Everton,26,17.0,14,6,0.7058823529411765,4,24,1,0.8235294117647058,0.35294117647058826,0.23529411764705882,0.041522491349480974,0.058823529411764705,48.5
58,59,Philip Billing,DEN,MF,Bournemouth,28,2.0,14,5,1.5,5,2,0,7.0,2.5,2.5,0.75,0.0,60.0
59,60,Yves Bissouma,MLI,MF,Tottenham,27,15.6,49,31,0.7051282051282052,18,40,4,3.141025641025641,1.9871794871794872,1.153846153846154,0.045200525969756745,0.25641025641025644,50.0
60,61,Oscar Bobb,NOR,FW,Manchester City,21,0.2,0,0,0.0,0,0,0,0.0,0.0,0.0,0.0,0.0,0.0
61,62,Lamare Bogarde,NED,"DF,MF",Aston Villa,20,5.3,14,6,0.9433962264150944,1,13,0,2.6415094339622645,1.1320754716981132,0.18867924528301888,0.177999288002848,0.0,50.0
62,63,Willy Boly,CIV,DF,Nott'ham Forest,33,1.7,6,1,2.3529411764705883,3,12,0,3.5294117647058822,0.5882352941176471,1.7647058823529411,1.384083044982699,0.0,75.0
63,64,Sven Botman,NED,DF,Newcastle Utd,24,4.6,12,9,1.0869565217391306,5,25,1,2.608695652173913,1.956521739130435,1.0869565217391306,0.2362948960302458,0.2173913043478261,65.4
64,65,Jarrod Bowen,ENG,"FW,MF",West Ham,27,33.0,41,26,0.6666666666666666,16,25,0,1.2424242424242424,0.7878787878787878,0.48484848484848486,0.0202020202020202,0.0,20.0
65,66,Conor Bradley,NIR,DF,Liverpool,21,8.4,14,10,1.0714285714285714,4,31,0,1.6666666666666665,1.1904761904761905,0.47619047619047616,0.12755102040816327,0.0,61.1
66,67,Jarrad Branthwaite,ENG,DF,Everton,22,27.9,36,20,1.1111111111111112,27,191,4,1.2903225806451613,0.7168458781362007,0.967741935483871,0.03982477100756671,0.14336917562724016,59.2
67,68,James Bree,ENG,DF,Southampton,26,11.9,19,14,0.8403361344537815,9,29,0,1.5966386554621848,1.1764705882352942,0.7563025210084033,0.07061648188687239,0.0,63.2
68,69,Ben Brereton,CHI,FW,Southampton,25,5.0,3,2,0.4,0,4,0,0.6,0.4,0.0,0.08,0.0,56.3
69,70,Nathan Broadhead,WAL,"MF,FW",Ipswich Town,26,7.8,9,4,1.0256410256410258,4,5,0,1.153846153846154,0.5128205128205129,0.5128205128205129,0.1314924391847469,0.0,9.1
70,71,Armando Broja,ALB,FW,Everton,22,3.7,3,1,0.8108108108108107,1,4,0,0.8108108108108107,0.27027027027027023,0.27027027027027023,0.21913805697589478,0.0,46.2
71,72,David Brooks,WAL,"FW,MF",Bournemouth,27,10.7,14,6,1.6822429906542058,5,9,1,1.3084112149532712,0.5607476635514019,0.4672897196261683,0.15721897108917812,0.09345794392523366,41.2
72,73,Emi Buendía,ARG,"MF,FW",Aston Villa,27,1.1,6,6,4.545454545454545,0,2,0,5.454545454545454,5.454545454545454,0.0,4.132231404958677,0.0,0.0
73,74,Santiago Bueno,URU,DF,Wolves,25,18.7,41,21,1.9251336898395723,15,70,0,2.192513368983957,1.1229946524064172,0.8021390374331551,0.10294832565987018,0.0,53.0
74,75,Facundo Buonanotte,ARG,"FW,MF",Leicester City,19,16.9,53,32,2.0118343195266273,12,14,0,3.1360946745562135,1.8934911242603552,0.7100591715976332,0.11904345085956375,0.0,33.3
75,76,Cameron Burgess,AUS,DF,Ipswich Town,28,17.1,17,12,1.1695906432748537,14,128,3,0.9941520467836257,0.7017543859649122,0.8187134502923976,0.0683971136418043,0.17543859649122806,66.7
76,77,Dan Burn,ENG,DF,Newcastle Utd,32,37.0,39,24,0.972972972972973,27,197,4,1.054054054054054,0.6486486486486487,0.7297297297297297,0.02629656683710738,0.10810810810810811,66.1
77,78,Wes Burns,WAL,"FW,DF",Ipswich Town,29,10.3,13,11,0.6796116504854368,10,13,2,1.262135922330097,1.0679611650485437,0.9708737864077669,0.0659817136393628,0.1941747572815534,27.6
78,79,Nathan Butler-Oyedeji,ENG,FW,Arsenal,21,0.1,0,0,0.0,0,0,0,0.0,0.0,0.0,0.0,0.0,0.0
79,80,Moisés Caicedo,ECU,"MF,DF",Chelsea,22,37.2,114,73,1.3172043010752688,49,60,1,3.064516129032258,1.9623655913978493,1.3172043010752688,0.03540871777084056,0.026881720430107524,68.6
80,81,Tom Cairney,SCO,MF,Fulham,33,7.0,13,5,1.0,4,3,1,1.8571428571428572,0.7142857142857143,0.5714285714285714,0.14285714285714285,0.14285714285714285,35.7
81,82,Jens Cajuste,SWE,MF,Ipswich Town,24,21.8,44,22,1.146788990825688,28,33,2,2.018348623853211,1.0091743119266054,1.2844036697247705,0.052604999579160004,0.09174311926605504,37.1
82,83,Riccardo Calafiori,ITA,DF,Arsenal,22,10.9,27,19,1.1009174311926606,9,25,0,2.477064220183486,1.7431192660550459,0.8256880733944953,0.10100159919198722,0.0,61.1
83,84,Dominic Calvert-Lewin,ENG,FW,Everton,27,17.9,9,7,0.3910614525139665,7,23,0,0.5027932960893855,0.3910614525139665,0.3910614525139665,0.021847008520333326,0.0,51.2
84,85,Diego Carlos,BRA,DF,Aston Villa,31,9.2,8,3,1.4130434782608696,5,36,2,0.8695652173913044,0.32608695652173914,0.5434782608695653,0.15359168241965976,0.2173913043478261,52.4
85,86,Fabio Carvalho,POR,"FW,MF",Brentford,21,5.1,13,9,1.1764705882352942,3,2,0,2.5490196078431375,1.7647058823529413,0.5882352941176471,0.23068050749711652,0.0,25.0
86,87,Casemiro,BRA,MF,Manchester Utd,32,16.6,83,50,2.3493975903614457,14,51,3,5.0,3.012048192771084,0.8433734939759036,0.14152997532297865,0.18072289156626503,65.5
87,88,Kaelan Casey,ENG,DF,West Ham,19,0.0,0,0,0.0,0,1,0,0.0,0.0,0.0,0.0,0.0,100.0
88,89,Matty Cash,POL,DF,Aston Villa,26,23.0,56,32,0.9565217391304348,23,70,2,2.4347826086956523,1.391304347826087,1.0,0.04158790170132325,0.08695652173913043,50.0
89,90,Eiran Cashin,IRL,DF,Brighton,22,0.2,0,0,0.0,0,2,0,0.0,0.0,0.0,0.0,0.0,66.7
90,91,Timothy Castagne,BEL,DF,Fulham,28,18.3,46,29,0.819672131147541,22,83,0,2.513661202185792,1.5846994535519126,1.2021857923497268,0.04479082683866344,0.0,49.3
91,92,Trevoh Chalobah,ENG,DF,Crystal Palace,25,11.8,20,16,1.6101694915254237,19,57,3,1.694915254237288,1.3559322033898304,1.6101694915254237,0.1364550416546969,0.2542372881355932,53.7
92,93,Trevoh Chalobah,ENG,DF,Chelsea,25,10.1,11,7,0.594059405940594,10,48,1,1.0891089108910892,0.6930693069306931,0.9900990099009901,0.05881776296441525,0.09900990099009901,65.7
93,94,Conor Chaplin,ENG,"MF,FW",Ipswich Town,27,9.5,15,5,0.8421052631578947,4,3,0,1.5789473684210527,0.5263157894736842,0.42105263157894735,0.0886426592797784,0.0,25.0
94,95,Youssef Chermiti,POR,"FW,MF",Everton,20,0.5,0,0,0.0,0,0,0,0.0,0.0,0.0,0.0,0.0,66.7
95,96,Federico Chiesa,ITA,FW,Liverpool,26,1.2,1,0,0.8333333333333334,0,1,1,0.8333333333333334,0.0,0.0,0.6944444444444445,0.8333333333333334,0.0
96,97,Ben Chilwell,ENG,DF,Crystal Palace,27,2.9,7,6,2.0689655172413794,6,16,0,2.413793103448276,2.0689655172413794,2.0689655172413794,0.7134363852556481,0.0,42.9
97,98,Chiquinho,POR,MF,Wolves,24,0.1,0,0,0.0,0,0,0,0.0,0.0,0.0,0.0,0.0,0.0
98,99,Hamza Choudhury,BAN,"MF,DF",Leicester City,26,1.5,1,1,2.6666666666666665,5,2,0,0.6666666666666666,0.6666666666666666,3.3333333333333335,1.7777777777777777,0.0,0.0
99,100,Ryan Christie,SCO,MF,Bournemouth,29,23.5,54,33,1.872340425531915,30,51,3,2.297872340425532,1.4042553191489362,1.2765957446808511,0.07967406066093255,0.1276595744680851,41.7
100,101,Harry Clarke,ENG,DF,Ipswich Town,23,4.2,5,3,1.1904761904761905,4,14,3,1.1904761904761905,0.7142857142857143,0.9523809523809523,0.2834467120181406,0.7142857142857143,71.4
101,102,Jack Clarke,ENG,"FW,MF",Ipswich Town,23,13.1,32,20,0.6870229007633588,7,29,2,2.4427480916030535,1.5267175572519085,0.5343511450381679,0.052444496241477775,0.15267175572519084,28.0
102,103,Nathaniel Clyne,ENG,"DF,MF",Crystal Palace,33,5.4,12,8,0.7407407407407407,3,14,1,2.222222222222222,1.4814814814814814,0.5555555555555555,0.1371742112482853,0.18518518518518517,12.5
103,104,Conor Coady,ENG,DF,Leicester City,31,19.0,13,9,1.6842105263157894,13,71,2,0.6842105263157895,0.47368421052631576,0.6842105263157895,0.0886426592797784,0.10526315789473684,37.1
104,105,Séamus Coleman,IRL,DF,Everton,35,2.4,3,2,2.0833333333333335,1,8,0,1.25,0.8333333333333334,0.4166666666666667,0.8680555555555557,0.0,66.7
105,106,Nathan Collins,IRL,DF,Brentford,23,38.0,40,24,2.026315789473684,34,226,3,1.0526315789473684,0.631578947368421,0.8947368421052632,0.05332409972299169,0.07894736842105263,62.9
106,107,Toby Collyer,ENG,MF,Manchester Utd,20,2.0,12,9,1.0,2,3,0,6.0,4.5,1.0,0.5,0.0,75.0
107,108,Levi Colwill,ENG,DF,Chelsea,21,35.0,47,34,1.0571428571428572,33,118,4,1.3428571428571427,0.9714285714285714,0.9428571428571428,0.030204081632653063,0.11428571428571428,60.7
108,109,Lewis Cook,ENG,"MF,DF",Bournemouth,27,33.1,81,42,0.9063444108761329,41,70,0,2.4471299093655587,1.268882175226586,1.2386706948640482,0.027382006370880146,0.0,54.7
109,110,Maxwel Cornet,CIV,FW,Southampton,27,0.8,5,5,0.0,0,2,0,6.25,6.25,0.0,0.0,0.0,100.0
110,111,Vladimír Coufal,CZE,DF,West Ham,31,11.9,22,15,1.0924369747899159,8,39,1,1.8487394957983192,1.2605042016806722,0.6722689075630252,0.0918014264529341,0.08403361344537814,59.0
111,112,Woyo Coulibaly,MLI,DF,Leicester City,25,1.2,6,4,2.5,5,1,0,5.0,3.3333333333333335,4.166666666666667,2.0833333333333335,0.0,0.0
112,113,Aaron Cresswell,ENG,DF,West Ham,34,9.2,11,7,0.9782608695652175,8,37,0,1.1956521739130437,0.7608695652173914,0.8695652173913044,0.1063327032136106,0.0,50.0
113,114,Marc Cucurella,ESP,DF,Chelsea,26,33.2,67,45,1.4759036144578312,28,95,3,2.0180722891566263,1.355421686746988,0.8433734939759036,0.04445492814632022,0.09036144578313252,36.0
114,115,Jorge Cuenca,ESP,DF,Fulham,24,3.9,6,2,1.0256410256410258,2,26,0,1.5384615384615385,0.5128205128205129,0.5128205128205129,0.2629848783694938,0.0,66.7
115,116,Matheus Cunha,BRA,"MF,FW",Wolves,25,28.9,38,22,0.726643598615917,17,23,0,1.3148788927335642,0.7612456747404844,0.5882352941176471,0.025143377114737613,0.0,31.0
116,117,Patson Daka,ZAM,"FW,MF",Leicester City,25,8.2,19,10,0.853658536585366,1,12,0,2.3170731707317076,1.2195121951219514,0.12195121951219513,0.10410469958358122,0.0,26.3
117,118,Diogo Dalot,POR,DF,Manchester Utd,25,31.3,68,40,0.7028753993610224,37,72,0,2.1725239616613417,1.2779552715654952,1.182108626198083,0.02245608304667803,0.0,64.4
118,119,Mikkel Damsgaard,DEN,"MF,FW",Brentford,24,32.3,83,44,1.238390092879257,27,31,2,2.5696594427244586,1.3622291021671828,0.8359133126934986,0.038340250553537375,0.061919504643962855,30.8
119,120,Danilo,BRA,"MF,FW",Nott'ham Forest,23,3.1,8,4,0.6451612903225806,4,3,0,2.5806451612903225,1.2903225806451613,1.2903225806451613,0.2081165452653486,0.0,33.3
120,121,Jayden Danns,ENG,MF,Liverpool,18,0.1,0,0,0.0,0,0,0,0.0,0.0,0.0,0.0,0.0,0.0
121,122,Kevin Danso,AUT,DF,Tottenham,25,9.4,7,5,1.5957446808510638,6,71,1,0.7446808510638298,0.5319148936170213,0.6382978723404255,0.16976007243096422,0.10638297872340426,63.6
122,123,Ben Davies,WAL,DF,Tottenham,31,14.8,17,11,1.8918918918918919,12,81,1,1.1486486486486487,0.7432432432432432,0.8108108108108107,0.12783053323593863,0.06756756756756756,54.2
123,124,Leif Davis,ENG,DF,Ipswich Town,24,30.5,46,27,0.819672131147541,25,77,3,1.5081967213114753,0.8852459016393442,0.819672131147541,0.026874496103198066,0.09836065573770492,59.6
124,125,Craig Dawson,ENG,DF,Wolves,34,10.8,15,3,1.4814814814814814,9,52,1,1.3888888888888888,0.27777777777777773,0.8333333333333333,0.1371742112482853,0.09259259259259259,65.6
125,126,Kevin De Bruyne,BEL,"MF,FW",Manchester City,33,18.9,17,9,0.4232804232804233,7,10,1,0.8994708994708995,0.4761904761904762,0.3703703703703704,0.022395789591556792,0.052910052910052914,23.8
126,127,Bobby De Cordova-Reid,JAM,FW,Leicester City,31,8.3,9,4,0.7228915662650601,0,10,0,1.0843373493975903,0.48192771084337344,0.0,0.08709536942952531,0.0,30.0
127,128,Liam Delap,ENG,FW,Ipswich Town,21,28.8,11,8,0.2777777777777778,2,28,0,0.3819444444444444,0.2777777777777778,0.06944444444444445,0.009645061728395061,0.0,42.6
128,129,Sepp van den Berg,NED,DF,Brentford,22,28.7,39,24,1.8118466898954704,21,134,3,1.3588850174216027,0.8362369337979094,0.7317073170731707,0.06313054668625333,0.10452961672473868,55.0
129,130,Justin Devenny,NIR,MF,Crystal Palace,20,5.6,17,12,1.0714285714285714,0,11,0,3.035714285714286,2.142857142857143,0.0,0.19132653061224492,0.0,13.3
130,131,Kiernan Dewsbury-Hall,ENG,"MF,FW",Chelsea,25,2.9,8,5,0.6896551724137931,2,9,1,2.7586206896551726,1.7241379310344829,0.6896551724137931,0.23781212841854937,0.3448275862068966,0.0
131,132,Amad Diallo,CIV,"MF,FW",Manchester Utd,22,21.1,38,31,0.7109004739336492,11,19,1,1.8009478672985781,1.4691943127962084,0.5213270142180094,0.03369196558927247,0.04739336492890995,40.0
132,133,Rúben Dias,POR,DF,Manchester City,27,25.2,17,11,0.9126984126984127,20,71,4,0.6746031746031746,0.4365079365079365,0.7936507936507937,0.036218190980095745,0.15873015873015872,52.1
133,134,Luis Díaz,COL,FW,Liverpool,27,26.7,39,26,0.7116104868913858,7,7,1,1.4606741573033708,0.9737827715355806,0.2621722846441948,0.026652078160726064,0.03745318352059925,25.5
134,135,Tyler Dibling,ENG,"FW,MF",Southampton,18,20.8,34,20,0.9134615384615384,8,16,1,1.6346153846153846,0.9615384615384615,0.3846153846153846,0.043916420118343194,0.04807692307692307,28.6
135,136,Lucas Digne,FRA,DF,Aston Villa,31,26.1,65,38,0.8812260536398467,25,89,1,2.490421455938697,1.4559386973180075,0.9578544061302682,0.03376345033102861,0.038314176245210725,56.9
136,137,Issa Diop,FRA,DF,Fulham,27,14.9,26,12,0.6711409395973155,9,72,2,1.74496644295302,0.8053691275167785,0.6040268456375839,0.04504301608035674,0.1342281879194631,62.5
137,138,Axel Disasi,FRA,DF,Aston Villa,26,5.4,8,5,0.7407407407407407,5,18,0,1.4814814814814814,0.9259259259259258,0.9259259259259258,0.1371742112482853,0.0,57.1
138,139,Axel Disasi,FRA,DF,Chelsea,26,4.0,7,4,1.0,2,11,1,1.75,1.0,0.5,0.25,0.25,71.4
139,140,Roman Dixon,ENG,DF,Everton,19,1.0,5,5,1.0,1,3,0,5.0,5.0,1.0,1.0,0.0,0.0
140,141,Nasser Djiga,BFA,DF,Wolves,21,0.7,0,0,0.0,2,4,1,0.0,0.0,2.857142857142857,0.0,1.4285714285714286,50.0
141,142,Matt Doherty,IRL,DF,Wolves,32,23.4,38,21,1.1965811965811965,22,102,3,1.623931623931624,0.8974358974358975,0.9401709401709403,0.05113594857184601,0.12820512820512822,72.7
142,143,Jeremy Doku,BEL,"FW,MF",Manchester City,22,16.8,31,22,0.6547619047619048,4,2,0,1.8452380952380951,1.3095238095238095,0.23809523809523808,0.03897392290249433,0.0,0.0
143,144,Nicolás Domínguez,ARG,"MF,FW",Nott'ham Forest,26,21.8,86,45,1.7431192660550459,29,54,1,3.944954128440367,2.0642201834862384,1.3302752293577982,0.07995959936032321,0.04587155963302752,54.0
144,145,Patrick Dorgu,DEN,DF,Manchester Utd,19,9.4,31,24,1.1702127659574468,4,23,2,3.2978723404255317,2.553191489361702,0.425531914893617,0.12449071978270711,0.2127659574468085,62.5
145,146,Alfie Dorrington,ENG,DF,Tottenham,19,0.2,0,0,0.0,0,0,0,0.0,0.0,0.0,0.0,0.0,0.0
146,147,Abdoulaye Doucouré,MLI,MF,Everton,31,28.5,48,28,1.087719298245614,10,20,1,1.6842105263157894,0.9824561403508771,0.3508771929824561,0.03816558941212681,0.03508771929824561,40.5
147,148,Cheick Doucouré,MLI,MF,Crystal Palace,24,5.0,16,8,0.8,11,10,1,3.2,1.6,2.2,0.16,0.2,50.0
148,149,Flynn Downes,ENG,MF,Southampton,25,23.9,49,25,1.1715481171548119,32,51,4,2.0502092050209204,1.0460251046025104,1.3389121338912136,0.049018749671749455,0.1673640167364017,50.0
149,150,Tommy Doyle,ENG,MF,Wolves,22,5.4,11,6,2.0370370370370368,5,11,1,2.0370370370370368,1.111111111111111,0.9259259259259258,0.37722908093278457,0.18518518518518517,14.3
150,151,Radu Drăgușin,ROU,DF,Tottenham,22,13.9,10,6,1.5827338129496402,15,49,4,0.7194244604316546,0.4316546762589928,1.079136690647482,0.11386574193882304,0.28776978417266186,60.0
151,152,Martin Dúbravka,SVK,GK,Newcastle Utd,35,10.0,0,0,0.0,0,3,0,0.0,0.0,0.0,0.0,0.0,100.0
152,153,Lewis Dunk,ENG,DF,Brighton,32,23.1,17,10,1.2121212121212122,13,79,2,0.7359307359307359,0.4329004329004329,0.5627705627705627,0.052472779745507014,0.08658008658008658,62.2
153,154,Jáder Durán,COL,FW,Aston Villa,20,7.1,8,7,0.7042253521126761,0,13,0,1.1267605633802817,0.9859154929577465,0.0,0.09918666931164453,0.0,50.0
154,155,Claudio Echeverri,ARG,FW,Manchester City,18,0.1,1,0,0.0,0,0,0,10.0,0.0,0.0,0.0,0.0,0.0
155,156,Ederson,BRA,GK,Manchester City,30,25.8,0,0,0.0,1,11,4,0.0,0.0,0.03875968992248062,0.0,0.15503875968992248,80.0
156,157,George Edmundson,ENG,DF,Ipswich Town,26,0.0,0,0,0.0,0,0,0,0.0,0.0,0.0,0.0,0.0,0.0
157,158,Odsonne Édouard,FRA,"MF,FW",Crystal Palace,26,1.3,1,0,0.7692307692307692,0,1,0,0.7692307692307692,0.0,0.0,0.5917159763313609,0.0,20.0
158,159,Odsonne Édouard,FRA,FW,Leicester City,26,0.3,1,1,0.0,0,1,0,3.3333333333333335,3.3333333333333335,0.0,0.0,0.0,50.0
159,160,Samuel Edozie,ENG,"DF,FW",Southampton,21,0.7,3,1,0.0,0,0,0,4.285714285714286,1.4285714285714286,0.0,0.0,0.0,0.0
160,161,Ronnie Edwards,ENG,DF,Southampton,21,0.1,0,0,10.0,0,0,0,0.0,0.0,0.0,100.0,0.0,0.0
161,162,Anthony Elanga,SWE,"FW,MF",Nott'ham Forest,22,27.8,19,14,0.39568345323741005,6,25,0,0.6834532374100719,0.5035971223021583,0.2158273381294964,0.01423321774235288,0.0,39.3
162,163,Harvey Elliott,ENG,MF,Liverpool,21,4.1,5,3,1.707317073170732,1,3,1,1.2195121951219514,0.7317073170731708,0.24390243902439027,0.4164187983343249,0.24390243902439027,33.3
163,164,Yunus Emre Konak,TUR,"FW,MF",Brentford,18,0.5,4,4,4.0,0,0,0,8.0,8.0,0.0,8.0,0.0,35.7
164,165,Julio Enciso,PAR,"MF,FW",Ipswich Town,20,9.7,12,9,0.8247422680412372,1,6,0,1.2371134020618557,0.9278350515463918,0.10309278350515465,0.08502497608672549,0.0,32.0
165,166,Julio Enciso,PAR,"MF,FW",Brighton,20,3.3,0,0,0.6060606060606061,0,1,0,0.0,0.0,0.0,0.18365472910927458,0.0,54.5
166,167,Wataru Endo,JPN,"MF,DF",Liverpool,31,3.0,12,8,2.6666666666666665,6,9,0,4.0,2.6666666666666665,2.0,0.8888888888888888,0.0,42.9
167,168,Christian Eriksen,DEN,MF,Manchester Utd,32,11.8,19,9,1.271186440677966,7,8,0,1.6101694915254237,0.7627118644067796,0.5932203389830508,0.1077276644642344,0.0,25.0
168,169,Romain Esse,ENG,MF,Crystal Palace,19,1.5,9,6,1.3333333333333333,1,2,0,6.0,4.0,0.6666666666666666,0.8888888888888888,0.0,60.0
169,170,Pervis Estupiñán,ECU,DF,Brighton,26,26.7,65,43,0.7490636704119851,37,65,2,2.4344569288389515,1.6104868913857677,1.3857677902621723,0.028054819116553747,0.0749063670411985,63.9
170,171,Evanilson,BRA,FW,Bournemouth,24,25.8,16,10,0.4263565891472868,1,21,0,0.6201550387596899,0.38759689922480617,0.03875968992248062,0.0165254491917553,0.0,40.4
171,172,Jake Evans,,FW,Leicester City,,0.3,1,1,0.0,0,1,0,3.3333333333333335,3.3333333333333335,0.0,0.0,0.0,0.0
172,173,Jonny Evans,NIR,DF,Manchester Utd,36,3.5,8,6,0.8571428571428571,5,15,0,2.2857142857142856,1.7142857142857142,1.4285714285714286,0.24489795918367346,0.0,75.0
173,174,Eberechi Eze,ENG,"MF,FW",Crystal Palace,26,28.8,39,22,0.9375,11,10,3,1.3541666666666667,0.7638888888888888,0.3819444444444444,0.032552083333333336,0.10416666666666666,15.9
174,175,Łukasz Fabiański,POL,GK,West Ham,39,12.9,0,0,0.0,0,5,1,0.0,0.0,0.0,0.0,0.07751937984496124,75.0
175,176,Wout Faes,BEL,DF,Leicester City,26,31.3,42,26,1.5335463258785942,26,185,4,1.3418530351437699,0.8306709265175719,0.8306709265175719,0.048995090283661155,0.12779552715654952,55.6
176,177,Abdul Fatawu Issahaku,GHA,FW,Leicester City,20,6.4,21,15,1.09375,4,12,0,3.28125,2.34375,0.625,0.1708984375,0.0,51.9
177,178,João Félix,POR,"FW,MF",Chelsea,24,4.1,8,3,0.48780487804878053,3,2,0,1.9512195121951221,0.7317073170731708,0.7317073170731708,0.11897679952409282,0.0,44.4
178,179,Evan Ferguson,IRL,FW,West Ham,19,1.7,3,1,1.1764705882352942,1,1,0,1.7647058823529411,0.5882352941176471,0.5882352941176471,0.6920415224913495,0.0,33.3
179,180,Evan Ferguson,IRL,FW,Brighton,19,2.7,4,3,1.111111111111111,0,4,0,1.4814814814814814,1.111111111111111,0.0,0.41152263374485587,0.0,30.8
180,181,Bruno Fernandes,POR,MF,Manchester Utd,29,33.5,84,50,1.044776119402985,26,35,3,2.5074626865671643,1.492537313432836,0.7761194029850746,0.031187346847850298,0.08955223880597014,44.0
181,182,Mateus Fernandes,POR,MF,Southampton,20,32.3,89,48,1.3312693498452013,28,35,7,2.755417956656347,1.4860681114551084,0.86687306501548,0.04121576934505267,0.21671826625387,62.5
182,183,Enzo Fernández,ARG,MF,Chelsea,23,32.7,65,33,1.3149847094801221,13,23,4,1.9877675840978593,1.0091743119266054,0.39755351681957185,0.0402135996782912,0.12232415902140671,32.6
183,184,Mark Flekken,NED,GK,Brentford,31,36.4,4,4,0.054945054945054944,0,26,4,0.10989010989010989,0.10989010989010989,0.0,0.0015094795314575535,0.10989010989010989,100.0
184,185,Phil Foden,ENG,"MF,FW",Manchester City,24,19.7,13,5,0.6598984771573604,9,7,1,0.6598984771573604,0.25380710659898476,0.4568527918781726,0.03349738462727718,0.050761421319796954,25.0
185,186,Wesley Fofana,FRA,DF,Chelsea,23,13.0,13,12,1.0769230769230769,14,55,2,1.0,0.9230769230769231,1.0769230769230769,0.08284023668639053,0.15384615384615385,69.2
186,187,Carlos Forbs,POR,"MF,FW",Wolves,20,2.7,8,5,1.111111111111111,1,2,1,2.962962962962963,1.8518518518518516,0.37037037037037035,0.41152263374485587,0.37037037037037035,25.0
187,188,Fraser Forster,ENG,GK,Tottenham,36,7.0,0,0,0.0,0,7,3,0.0,0.0,0.0,0.0,0.42857142857142855,100.0
188,189,Matheus França,BRA,"MF,FW",Crystal Palace,20,0.6,2,0,1.6666666666666667,1,1,0,3.3333333333333335,0.0,1.6666666666666667,2.777777777777778,0.0,33.3
189,190,Ryan Fraser,SCO,"FW,DF",Southampton,30,3.4,6,2,0.29411764705882354,1,9,0,1.7647058823529411,0.5882352941176471,0.29411764705882354,0.08650519031141869,0.0,40.0
190,191,Tyler Fredricson,ENG,DF,Manchester Utd,19,1.8,5,3,1.1111111111111112,1,11,0,2.7777777777777777,1.6666666666666665,0.5555555555555556,0.6172839506172839,0.0,58.3
191,192,Niclas Füllkrug,GER,FW,West Ham,31,8.8,4,3,0.11363636363636363,1,16,0,0.45454545454545453,0.3409090909090909,0.11363636363636363,0.012913223140495866,0.0,42.9
192,193,Cody Gakpo,NED,FW,Liverpool,25,21.5,28,16,1.069767441860465,12,19,1,1.302325581395349,0.7441860465116279,0.5581395348837209,0.04975662520281233,0.046511627906976744,39.5
193,194,Idrissa Gana Gueye,SEN,MF,Everton,34,34.0,133,80,1.411764705882353,48,36,1,3.911764705882353,2.3529411764705883,1.411764705882353,0.041522491349480974,0.029411764705882353,61.5
194,195,Andrés García,ESP,"DF,MF",Aston Villa,21,3.5,9,5,0.5714285714285714,2,10,2,2.5714285714285716,1.4285714285714286,0.5714285714285714,0.16326530612244897,0.5714285714285714,0.0
195,196,Alejandro Garnacho,ARG,"MF,FW",Manchester Utd,20,24.4,30,18,0.778688524590164,13,11,2,1.2295081967213115,0.7377049180327869,0.5327868852459017,0.03191346412254771,0.0819672131147541,11.1
196,197,James Garner,ENG,"MF,DF",Everton,23,17.7,47,31,1.1299435028248588,23,37,0,2.6553672316384183,1.7514124293785311,1.2994350282485876,0.06383861597880558,0.0,45.8
197,198,Tyrique George,ENG,FW,Chelsea,18,2.0,2,0,0.5,2,1,0,1.0,0.0,1.0,0.25,0.0,0.0
198,199,Morgan Gibbs-White,ENG,MF,Nott'ham Forest,24,31.1,43,22,0.5787781350482315,23,29,1,1.382636655948553,0.7073954983922829,0.7395498392282958,0.018610229422772715,0.03215434083601286,42.1
199,200,Billy Gilmour,SCO,MF,Brighton,23,1.1,3,3,0.9090909090909091,0,1,0,2.727272727272727,2.727272727272727,0.0,0.8264462809917354,0.0,0.0
200,201,Ben Godfrey,ENG,DF,Ipswich Town,26,1.8,1,0,0.5555555555555556,2,3,0,0.5555555555555556,0.0,1.1111111111111112,0.30864197530864196,0.0,100.0
201,202,Martial Godo,ENG,"FW,DF",Fulham,21,0.3,0,0,3.3333333333333335,1,0,0,0.0,0.0,3.3333333333333335,11.111111111111112,0.0,0.0
202,203,Michael Golding,ENG,MF,Leicester City,18,0.0,0,0,0.0,0,0,0,0.0,0.0,0.0,0.0,0.0,0.0
203,204,João Gomes,BRA,MF,Wolves,23,33.0,116,71,1.2727272727272727,25,33,0,3.515151515151515,2.1515151515151514,0.7575757575757576,0.03856749311294766,0.0,29.7
204,205,Rodrigo Gomes,POR,"DF,FW",Wolves,21,9.0,23,15,0.8888888888888888,7,20,1,2.5555555555555554,1.6666666666666667,0.7777777777777778,0.09876543209876543,0.1111111111111111,32.0
205,206,Toti Gomes,POR,DF,Wolves,25,29.0,61,43,1.0,25,152,5,2.103448275862069,1.4827586206896552,0.8620689655172413,0.034482758620689655,0.1724137931034483,67.1
206,207,Diego Gómez,PAR,MF,Brighton,21,5.7,21,13,2.280701754385965,8,10,1,3.6842105263157894,2.280701754385965,1.4035087719298245,0.40012311480455526,0.17543859649122806,71.4
207,208,Joe Gomez,ENG,DF,Liverpool,27,5.8,13,10,1.5517241379310345,7,20,2,2.241379310344828,1.7241379310344829,1.206896551724138,0.267538644470868,0.3448275862068966,69.2
208,209,Nicolás González,ESP,MF,Manchester City,22,8.4,16,6,1.0714285714285714,8,21,0,1.9047619047619047,0.7142857142857143,0.9523809523809523,0.12755102040816327,0.0,57.1
209,210,Anthony Gordon,ENG,"FW,MF",Newcastle Utd,23,27.0,32,18,0.9259259259259259,7,9,3,1.1851851851851851,0.6666666666666666,0.25925925925925924,0.03429355281207133,0.1111111111111111,50.0
210,211,Ryan Gravenberch,NED,MF,Liverpool,22,35.1,69,35,0.9971509971509971,60,59,2,1.9658119658119657,0.9971509971509971,1.7094017094017093,0.028408860317692224,0.05698005698005698,65.0
211,212,Archie Gray,ENG,"DF,MF",Tottenham,18,19.5,16,8,1.1282051282051282,19,50,2,0.8205128205128205,0.41025641025641024,0.9743589743589743,0.057856673241288625,0.10256410256410256,50.0
212,213,Jack Grealish,ENG,"FW,MF",Manchester City,28,8.0,9,5,1.5,2,6,1,1.125,0.625,0.25,0.1875,0.125,12.5
213,214,Jacob Greaves,ENG,DF,Ipswich Town,23,24.5,40,21,1.6734693877551021,21,148,3,1.6326530612244898,0.8571428571428571,0.8571428571428571,0.068304872969596,0.12244897959183673,67.5
214,215,Brajan Gruda,GER,"MF,FW",Brighton,20,7.6,16,8,1.0526315789473684,2,5,1,2.1052631578947367,1.0526315789473684,0.2631578947368421,0.13850415512465375,0.13157894736842105,37.5
215,216,Albert Grønbaek,DEN,"FW,MF",Southampton,23,1.6,4,1,0.625,0,1,0,2.5,0.625,0.0,0.390625,0.0,100.0
216,217,Gonçalo Guedes,POR,"MF,FW",Wolves,27,11.1,16,5,0.990990990990991,5,4,0,1.4414414414414416,0.45045045045045046,0.45045045045045046,0.08927846765684604,0.0,27.8
217,218,Marc Guéhi,ENG,DF,Crystal Palace,24,34.0,61,34,1.6176470588235294,28,163,2,1.7941176470588236,1.0,0.8235294117647058,0.04757785467128028,0.058823529411764705,54.0
218,219,Luis Guilherme,BRA,"MF,FW",West Ham,18,1.7,1,0,4.11764705882353,3,2,0,0.5882352941176471,0.0,1.7647058823529411,2.4221453287197234,0.0,66.7
219,220,Bruno Guimarães,BRA,MF,Newcastle Utd,26,36.3,83,47,0.9917355371900827,29,44,5,2.2865013774104685,1.2947658402203859,0.7988980716253444,0.02732053821460283,0.13774104683195593,48.6
220,221,Marc Guiu,ESP,FW,Chelsea,18,0.8,1,1,0.0,0,0,0,1.25,1.25,0.0,0.0,0.0,0.0
221,222,İlkay Gündoğan,GER,MF,Manchester City,33,24.7,25,13,0.6072874493927126,13,23,0,1.0121457489878543,0.5263157894736842,0.5263157894736842,0.02458653641266043,0.0,56.0
222,223,Malo Gusto,FRA,DF,Chelsea,21,20.7,45,29,1.4009661835748792,24,49,5,2.1739130434782608,1.4009661835748792,1.1594202898550725,0.06767952577656422,0.24154589371980678,37.5
223,224,Joško Gvardiol,CRO,DF,Manchester City,22,36.4,58,39,1.153846153846154,44,122,8,1.5934065934065935,1.0714285714285714,1.208791208791209,0.031699070160608626,0.21978021978021978,56.8
224,225,Erling Haaland,NOR,FW,Manchester City,24,30.4,11,6,0.39473684210526316,5,23,0,0.3618421052631579,0.19736842105263158,0.16447368421052633,0.012984764542936289,0.0,53.3
225,226,Lewis Hall,ENG,DF,Newcastle Utd,19,24.3,58,41,1.3580246913580247,18,75,3,2.3868312757201644,1.6872427983539093,0.7407407407407407,0.055885789767819945,0.12345679012345678,49.2
226,227,Ali Al Hamadi,IRQ,FW,Ipswich Town,22,1.5,1,0,0.0,0,2,0,0.6666666666666666,0.0,0.0,0.0,0.0,35.7
227,228,Marcus Harness,ENG,MF,Ipswich Town,28,0.5,1,0,4.0,0,1,0,2.0,0.0,0.0,8.0,0.0,0.0
228,229,Jack Harrison,ENG,FW,Everton,27,23.1,32,22,0.7792207792207791,10,35,2,1.3852813852813852,0.9523809523809523,0.4329004329004329,0.033732501264968795,0.08658008658008658,12.5
229,230,Taylor Harwood-Bellis,ENG,DF,Southampton,22,31.4,28,20,2.070063694267516,30,141,6,0.89171974522293,0.6369426751592357,0.9554140127388535,0.0659255953588381,0.1910828025477707,56.3
230,231,Kai Havertz,GER,"FW,MF",Arsenal,25,20.8,16,9,1.1057692307692308,6,33,1,0.7692307692307692,0.43269230769230765,0.28846153846153844,0.053161982248520714,0.04807692307692307,44.7
231,232,Ayden Heaven,ENG,DF,Manchester Utd,17,1.9,4,3,1.0526315789473684,4,9,0,2.1052631578947367,1.5789473684210527,2.1052631578947367,0.554016620498615,0.0,40.0
232,233,Jan Paul van Hecke,NED,DF,Brighton,24,32.9,45,29,1.1246200607902737,24,142,2,1.3677811550151977,0.8814589665653496,0.729483282674772,0.03418298057113294,0.060790273556231005,62.1
233,234,Hwang Hee-chan,KOR,"MF,FW",Wolves,28,7.3,6,4,1.2328767123287672,2,11,0,0.8219178082191781,0.547945205479452,0.273972602739726,0.1688872208669544,0.0,25.0
234,235,Dean Henderson,ENG,GK,Crystal Palace,27,38.0,2,1,0.0,0,22,0,0.05263157894736842,0.02631578947368421,0.0,0.0,0.0,91.7
235,236,Rico Henry,ENG,DF,Brentford,27,1.1,2,2,3.6363636363636362,1,2,0,1.8181818181818181,1.8181818181818181,0.9090909090909091,3.305785123966942,0.0,66.7
236,237,Mads Hermansen,DEN,GK,Leicester City,24,26.5,1,1,0.03773584905660377,0,13,4,0.03773584905660377,0.03773584905660377,0.0,0.0014239943040227838,0.1509433962264151,80.0
237,238,Son Heung-min,KOR,FW,Tottenham,32,23.4,17,9,0.47008547008547014,5,17,1,0.7264957264957266,0.38461538461538464,0.2136752136752137,0.02008912265322522,0.042735042735042736,33.3
238,239,James Hill,ENG,DF,Bournemouth,22,5.0,15,8,1.0,9,31,0,3.0,1.6,1.8,0.2,0.0,53.8
239,240,Jack Hinshelwood,ENG,"MF,DF",Brighton,19,20.5,27,19,0.4878048780487805,16,37,1,1.3170731707317074,0.926829268292683,0.7804878048780488,0.02379535990481856,0.04878048780487805,55.6
240,241,George Hirst,SCO,FW,Ipswich Town,25,7.3,3,3,0.136986301369863,2,10,0,0.4109589041095891,0.4109589041095891,0.273972602739726,0.018765246762994934,0.0,58.2
241,242,Mason Holgate,JAM,"FW,DF",Everton,27,0.1,0,0,0.0,0,0,0,0.0,0.0,0.0,0.0,0.0,0.0
242,243,Harry Howell,ENG,FW,Brighton,15,0.1,1,1,10.0,0,0,0,10.0,10.0,0.0,100.0,0.0,0.0
243,244,Callum Hudson-Odoi,ENG,"FW,MF",Nott'ham Forest,23,24.4,22,14,0.45081967213114754,13,12,1,0.9016393442622951,0.5737704918032788,0.5327868852459017,0.01847621607094867,0.04098360655737705,23.1
244,245,Will Hughes,ENG,MF,Crystal Palace,29,23.4,66,36,1.324786324786325,22,28,3,2.8205128205128207,1.5384615384615385,0.9401709401709403,0.056614800204543805,0.12820512820512822,51.4
245,246,Dean Huijsen,ESP,DF,Bournemouth,19,27.0,36,26,1.4814814814814814,51,198,4,1.3333333333333333,0.9629629629629629,1.8888888888888888,0.05486968449931413,0.14814814814814814,60.7
246,247,Omari Hutchinson,ENG,"MF,FW",Ipswich Town,20,28.7,32,13,0.9407665505226481,11,15,1,1.1149825783972125,0.4529616724738676,0.3832752613240418,0.032779322317862306,0.03484320557491289,18.8
247,248,Rasmus Højlund,DEN,FW,Manchester Utd,21,22.3,3,1,0.26905829596412556,2,6,0,0.13452914798206278,0.04484304932735426,0.08968609865470852,0.012065394437853164,0.0,24.8
248,249,Igor,BRA,DF,Brighton,26,10.7,5,5,2.2429906542056077,4,39,1,0.4672897196261683,0.4672897196261683,0.3738317757009346,0.20962529478557082,0.09345794392523366,57.1
249,250,Danny Ings,ENG,"FW,MF",West Ham,32,3.2,4,2,1.5625,1,4,0,1.25,0.625,0.3125,0.48828125,0.0,44.4
250,251,Tim Iroegbunam,ENG,MF,Everton,21,6.4,29,14,2.8125,16,12,1,4.53125,2.1875,2.5,0.439453125,0.15625,73.3
251,252,Andy Irving,SCO,MF,West Ham,24,1.8,7,4,2.7777777777777777,1,5,0,3.888888888888889,2.2222222222222223,0.5555555555555556,1.5432098765432098,0.0,50.0
252,253,Alexander Isak,SWE,FW,Newcastle Utd,24,30.6,12,5,0.5882352941176471,3,17,1,0.39215686274509803,0.16339869281045752,0.09803921568627451,0.019223375624759707,0.032679738562091505,32.1
253,254,Alex Iwobi,NGA,"FW,MF",Fulham,28,33.1,44,25,0.7854984894259819,14,29,1,1.3293051359516617,0.755287009063444,0.4229607250755287,0.023731072188096128,0.030211480362537763,18.4
254,255,Nicolas Jackson,SEN,FW,Chelsea,23,24.7,22,13,0.6072874493927126,3,15,0,0.8906882591093118,0.5263157894736842,0.12145748987854252,0.02458653641266043,0.0,36.8
255,256,Reece James,ENG,"DF,MF",Chelsea,24,11.8,10,9,1.1864406779661016,13,23,4,0.847457627118644,0.7627118644067796,1.1016949152542372,0.10054582016661878,0.3389830508474576,71.9
256,257,Vitaly Janelt,GER,MF,Brentford,26,25.0,38,22,1.32,27,53,1,1.52,0.88,1.08,0.0528,0.04,63.3
257,258,Vitezslav Jaros,CZE,GK,Liverpool,23,0.1,0,0,0.0,0,0,0,0.0,0.0,0.0,0.0,0.0,0.0
258,259,Daniel Jebbison,CAN,FW,Bournemouth,20,1.3,5,3,1.5384615384615383,1,1,0,3.846153846153846,2.3076923076923075,0.7692307692307692,1.1834319526627217,0.0,16.7
259,260,Mathias Jensen,DEN,MF,Brentford,28,9.6,14,10,1.5625,8,13,2,1.4583333333333335,1.0416666666666667,0.8333333333333334,0.16276041666666669,0.20833333333333334,61.5
260,261,Gabriel Jesus,BRA,FW,Arsenal,27,6.8,10,6,1.4705882352941178,4,8,0,1.4705882352941178,0.8823529411764706,0.5882352941176471,0.21626297577854672,0.0,33.3
261,262,Raúl Jiménez,MEX,FW,Fulham,33,27.7,35,24,0.7581227436823105,10,23,3,1.263537906137184,0.8664259927797834,0.36101083032490977,0.027369052118494965,0.10830324909747292,47.9
262,263,Kim Jisoo,KOR,DF,Brentford,19,0.3,0,0,0.0,0,2,0,0.0,0.0,0.0,0.0,0.0,0.0
263,264,João Pedro,BRA,"FW,MF",Brighton,22,21.6,16,12,0.5555555555555555,9,12,0,0.7407407407407407,0.5555555555555555,0.41666666666666663,0.025720164609053492,0.0,48.8
264,265,Joelinton,BRA,"MF,FW",Newcastle Utd,27,26.6,57,35,1.3909774436090225,23,47,2,2.142857142857143,1.3157894736842104,0.8646616541353384,0.05229238509808355,0.07518796992481203,56.2
265,266,Ben Johnson,ENG,"DF,FW",Ipswich Town,24,15.0,38,22,1.4666666666666666,13,54,1,2.533333333333333,1.4666666666666666,0.8666666666666667,0.09777777777777777,0.06666666666666667,51.4
266,267,Brennan Johnson,WAL,FW,Tottenham,23,24.2,39,26,1.0330578512396695,4,14,0,1.6115702479338843,1.0743801652892562,0.1652892561983471,0.04268834096031692,0.0,25.9
267,268,Sam Johnstone,ENG,GK,Wolves,31,7.0,0,0,0.0,0,7,0,0.0,0.0,0.0,0.0,0.0,100.0
268,269,Curtis Jones,ENG,"MF,DF",Liverpool,23,19.0,39,22,1.1578947368421053,7,10,3,2.0526315789473686,1.1578947368421053,0.3684210526315789,0.060941828254847646,0.15789473684210525,51.9
269,270,Jorginho,ITA,MF,Arsenal,32,7.8,12,4,0.38461538461538464,7,2,2,1.5384615384615385,0.5128205128205129,0.8974358974358975,0.04930966469428008,0.25641025641025644,14.3
270,271,Diogo Jota,POR,FW,Liverpool,27,13.3,14,8,0.6766917293233082,8,6,0,1.0526315789473684,0.6015037593984962,0.6015037593984962,0.05087907739272994,0.0,40.7
271,272,James Justin,ENG,DF,Leicester City,26,32.4,58,37,1.4814814814814816,46,141,3,1.7901234567901236,1.1419753086419753,1.4197530864197532,0.04572473708276178,0.0925925925925926,55.6
272,273,Filip Jørgensen,DEN,GK,Chelsea,22,6.0,0,0,0.0,0,0,3,0.0,0.0,0.0,0.0,0.5,0.0
273,274,Ferdi Kadioglu,TUR,"DF,MF",Brighton,24,4.3,10,6,0.46511627906976744,8,17,0,2.3255813953488373,1.3953488372093024,1.8604651162790697,0.1081665765278529,0.0,75.0
274,275,Daichi Kamada,JPN,MF,Crystal Palace,27,17.4,47,29,1.264367816091954,18,14,0,2.7011494252873565,1.6666666666666667,1.0344827586206897,0.07266481701677897,0.0,23.5
275,276,Boubacar Kamara,FRA,MF,Aston Villa,24,19.2,50,21,0.9895833333333334,19,51,3,2.604166666666667,1.09375,0.9895833333333334,0.05154079861111111,0.15625,44.7
276,277,Joachim Kayi Sanda,FRA,DF,Southampton,17,0.2,0,0,0.0,2,0,0,0.0,0.0,10.0,0.0,0.0,0.0
277,278,Michael Kayode,ITA,DF,Brentford,20,5.9,17,11,0.5084745762711864,7,19,0,2.8813559322033897,1.8644067796610169,1.1864406779661016,0.08618213157138753,0.0,69.2
278,279,Michael Keane,ENG,DF,Everton,31,11.7,12,9,1.1965811965811965,16,65,2,1.0256410256410258,0.7692307692307693,1.3675213675213675,0.10227189714369202,0.17094017094017094,56.5
279,280,Caoimhín Kelleher,IRL,GK,Liverpool,25,10.0,0,0,0.0,0,1,2,0.0,0.0,0.0,0.0,0.2,100.0
280,281,Lloyd Kelly,ENG,DF,Newcastle Utd,25,3.4,5,4,1.7647058823529411,1,17,0,1.4705882352941178,1.1764705882352942,0.29411764705882354,0.5190311418685121,0.0,75.0
281,282,Milos Kerkez,HUN,DF,Bournemouth,20,37.1,52,26,1.0242587601078166,45,106,4,1.4016172506738545,0.7008086253369272,1.2129380053908356,0.027608052833094785,0.10781671159029649,36.4
282,283,Bilal El Khannouss,MAR,"MF,FW",Leicester City,20,24.2,50,30,0.9090909090909092,6,10,3,2.066115702479339,1.2396694214876034,0.24793388429752067,0.03756574004507889,0.12396694214876033,44.2
283,284,Abdukodir Khusanov,UZB,DF,Manchester City,20,5.6,5,4,0.8928571428571429,3,29,1,0.8928571428571429,0.7142857142857143,0.5357142857142857,0.1594387755102041,0.17857142857142858,60.0
284,285,Max Kilman,ENG,DF,West Ham,27,37.2,39,24,1.5591397849462365,38,212,6,1.0483870967741935,0.6451612903225806,1.021505376344086,0.0419123598103827,0.16129032258064516,67.3
285,286,Joshua King,ENG,MF,Fulham,17,1.4,7,5,2.142857142857143,1,1,0,5.0,3.5714285714285716,0.7142857142857143,1.5306122448979593,0.0,33.3
286,287,Tom King,WAL,GK,Wolves,29,0.0,0,0,0.0,0,0,0,0.0,0.0,0.0,0.0,0.0,0.0
287,288,Antonín Kinský,CZE,GK,Tottenham,21,6.0,3,1,0.0,0,9,1,0.5,0.16666666666666666,0.0,0.0,0.16666666666666666,100.0
288,289,Jakub Kiwior,POL,DF,Arsenal,24,12.5,22,8,1.04,6,58,3,1.76,0.64,0.48,0.0832,0.24,45.8
289,290,Justin Kluivert,NED,MF,Bournemouth,25,26.0,23,11,0.9230769230769231,14,24,1,0.8846153846153846,0.4230769230769231,0.5384615384615384,0.03550295857988166,0.038461538461538464,22.2
290,291,Ibrahima Konaté,FRA,DF,Liverpool,25,28.4,40,26,1.0211267605633803,17,133,3,1.4084507042253522,0.9154929577464789,0.5985915492957746,0.035955167625471136,0.10563380281690142,71.8
291,292,Ezri Konsa,ENG,DF,Aston Villa,26,32.6,34,18,0.6134969325153374,24,114,4,1.0429447852760736,0.5521472392638036,0.7361963190184049,0.018818924310286422,0.12269938650306748,57.4
292,293,Mateo Kovačić,CRO,MF,Manchester City,30,24.4,69,38,0.819672131147541,24,21,1,2.8278688524590168,1.557377049180328,0.9836065573770493,0.03359312012899759,0.04098360655737705,52.6
293,294,Caleb Kporha,ENG,DF,Crystal Palace,18,0.1,2,1,0.0,0,1,0,20.0,10.0,0.0,0.0,0.0,0.0
294,295,Emil Krafth,SWE,DF,Newcastle Utd,29,3.8,4,2,1.3157894736842106,2,16,0,1.0526315789473684,0.5263157894736842,0.5263157894736842,0.3462603878116344,0.0,50.0
295,296,Mohammed Kudus,GHA,"FW,MF",West Ham,23,28.8,38,23,0.8333333333333333,4,8,2,1.3194444444444444,0.798611111111111,0.1388888888888889,0.028935185185185182,0.06944444444444445,21.6
296,297,Dejan Kulusevski,SWE,"MF,FW",Tottenham,24,26.5,45,23,1.2830188679245282,13,10,1,1.6981132075471699,0.8679245283018868,0.49056603773584906,0.04841580633677465,0.03773584905660377,40.0
297,298,Maxence Lacroix,FRA,DF,Crystal Palace,24,34.6,68,41,1.3872832369942196,54,207,2,1.9653179190751444,1.1849710982658959,1.560693641618497,0.040094891242607504,0.057803468208092484,54.5
298,299,Adam Lallana,ENG,MF,Southampton,36,4.0,8,5,1.0,5,5,0,2.0,1.25,1.25,0.25,0.0,50.0
299,300,Tariq Lamptey,GHA,DF,Brighton,23,9.6,17,11,1.5625,7,23,1,1.7708333333333335,1.1458333333333335,0.7291666666666667,0.16276041666666669,0.10416666666666667,6.7
300,301,Will Lankshear,ENG,"FW,MF",Tottenham,19,0.1,0,0,0.0,0,0,0,0.0,0.0,0.0,0.0,0.0,0.0
301,302,Roméo Lavia,BEL,MF,Chelsea,20,8.9,22,13,0.6741573033707865,16,10,1,2.4719101123595504,1.4606741573033708,1.797752808988764,0.0757480116146951,0.11235955056179775,66.7
302,303,Mario Lemina,GAB,"MF,DF",Wolves,30,15.2,51,31,0.7894736842105263,27,50,3,3.355263157894737,2.0394736842105265,1.7763157894736843,0.051939058171745156,0.19736842105263158,61.0
303,304,Bernd Leno,GER,GK,Fulham,32,38.0,2,2,0.02631578947368421,0,11,5,0.05263157894736842,0.05263157894736842,0.0,0.0006925207756232687,0.13157894736842105,90.0
304,305,Jefferson Lerma,COL,"MF,DF",Crystal Palace,29,25.3,35,17,1.5019762845849802,42,80,1,1.383399209486166,0.6719367588932806,1.6600790513833992,0.05936665156462372,0.039525691699604744,51.3
305,306,Rico Lewis,ENG,"DF,MF",Manchester City,19,21.0,30,19,1.3333333333333333,13,45,1,1.4285714285714286,0.9047619047619048,0.6190476190476191,0.06349206349206349,0.047619047619047616,30.0
306,307,Keane Lewis-Potter,ENG,"DF,FW",Brentford,23,34.4,49,27,0.813953488372093,21,76,3,1.4244186046511629,0.7848837209302326,0.6104651162790697,0.023661438615467822,0.0872093023255814,43.5
307,308,Myles Lewis-Skelly,ENG,DF,Arsenal,17,15.2,22,14,0.2631578947368421,7,27,0,1.4473684210526316,0.9210526315789475,0.46052631578947373,0.01731301939058172,0.0,52.4
308,309,Matthijs de Ligt,NED,DF,Manchester Utd,24,23.6,30,22,1.2288135593220337,33,96,0,1.271186440677966,0.9322033898305084,1.3983050847457625,0.05206837115771329,0.0,66.7
309,310,Pedro Lima,BRA,DF,Wolves,18,0.8,1,0,0.0,2,5,0,1.25,0.0,2.5,0.0,0.0,0.0
310,311,Victor Lindelöf,SWE,DF,Manchester Utd,30,7.8,7,2,0.7692307692307693,8,36,2,0.8974358974358975,0.25641025641025644,1.0256410256410258,0.09861932938856016,0.25641025641025644,53.1
311,312,Jesper Lindstrøm,DEN,FW,Everton,24,13.8,45,25,1.0869565217391304,12,17,0,3.260869565217391,1.8115942028985506,0.8695652173913043,0.07876496534341525,0.0,33.3
312,313,Valentino Livramento,ENG,DF,Newcastle Utd,21,31.6,54,36,1.1708860759493671,23,108,1,1.7088607594936709,1.1392405063291138,0.7278481012658228,0.03705335683384073,0.03164556962025316,43.5
313,314,Sean Longstaff,ENG,MF,Newcastle Utd,26,8.9,27,16,1.9101123595505618,7,8,0,3.033707865168539,1.797752808988764,0.7865168539325842,0.21461936624163616,0.0,50.0
314,315,Saša Lukić,SRB,MF,Fulham,27,26.0,68,39,0.7692307692307693,28,35,1,2.6153846153846154,1.5,1.0769230769230769,0.02958579881656805,0.038461538461538464,43.2
315,316,Joe Lumley,ENG,GK,Southampton,29,3.0,0,0,0.0,0,3,3,0.0,0.0,0.0,0.0,1.0,66.7
316,317,Massimo Luongo,AUS,MF,Ipswich Town,31,2.2,9,6,1.8181818181818181,2,2,0,4.090909090909091,2.727272727272727,0.9090909090909091,0.8264462809917354,0.0,100.0
317,318,Ian Maatsen,NED,DF,Aston Villa,22,12.7,29,17,1.0236220472440944,15,39,3,2.283464566929134,1.3385826771653544,1.1811023622047245,0.0806001612003224,0.2362204724409449,62.5
318,319,Alexis Mac Allister,ARG,MF,Liverpool,25,28.9,95,58,2.110726643598616,22,29,1,3.28719723183391,2.0069204152249136,0.7612456747404844,0.07303552399995211,0.03460207612456748,35.8
319,320,James Maddison,ENG,MF,Tottenham,27,20.1,31,19,0.7462686567164178,12,19,1,1.5422885572139302,0.9452736318407959,0.5970149253731343,0.03712779386648845,0.04975124378109452,41.7
320,321,Noni Madueke,ENG,FW,Chelsea,22,22.6,25,18,0.7522123893805309,10,11,0,1.1061946902654867,0.7964601769911503,0.44247787610619466,0.033283734043386325,0.0,36.7
321,322,Gabriel Magalhães,BRA,DF,Arsenal,26,26.3,25,15,1.5969581749049429,16,93,2,0.9505703422053232,0.5703422053231939,0.6083650190114068,0.06072084315227919,0.07604562737642585,58.9
322,323,Edmond-Paris Maghoma,ENG,"MF,FW",Brentford,23,1.3,2,1,1.5384615384615383,1,2,0,1.5384615384615383,0.7692307692307692,0.7692307692307692,1.1834319526627217,0.0,25.0
323,324,Harry Maguire,ENG,DF,Manchester Utd,31,19.5,30,15,0.7692307692307693,40,78,1,1.5384615384615385,0.7692307692307693,2.051282051282051,0.03944773175542406,0.05128205128205128,71.9
324,325,Kobbie Mainoo,ENG,MF,Manchester Utd,19,18.3,46,29,0.8743169398907104,19,14,1,2.513661202185792,1.5846994535519126,1.0382513661202186,0.047776881961241004,0.0546448087431694,38.0
325,326,Tyrell Malacia,NED,DF,Manchester Utd,24,1.1,2,1,0.0,1,1,1,1.8181818181818181,0.9090909090909091,0.9090909090909091,0.0,0.9090909090909091,0.0
326,327,Donyell Malen,NED,FW,Aston Villa,25,3.4,7,4,0.5882352941176471,0,1,0,2.058823529411765,1.1764705882352942,0.0,0.17301038062283738,0.0,50.0
327,328,Mateus Mane,,MF,Wolves,,0.0,0,0,0.0,0,0,0,0.0,0.0,0.0,0.0,0.0,100.0
328,329,Orel Mangala,BEL,MF,Everton,26,14.0,16,8,0.5714285714285714,21,24,1,1.1428571428571428,0.5714285714285714,1.5,0.04081632653061224,0.07142857142857142,42.9
329,330,Ryan Manning,IRL,"DF,MF",Southampton,28,16.2,28,17,1.234567901234568,17,47,0,1.7283950617283952,1.0493827160493827,1.0493827160493827,0.0762078951379363,0.0,71.4
330,331,Solly March,ENG,"FW,MF",Brighton,30,1.9,6,3,1.5789473684210527,2,2,1,3.1578947368421053,1.5789473684210527,1.0526315789473684,0.8310249307479225,0.5263157894736842,33.3
331,332,Omar Marmoush,EGY,"FW,MF",Manchester City,25,13.1,13,8,1.1450381679389314,6,3,0,0.9923664122137404,0.6106870229007634,0.4580152671755725,0.08740749373579629,0.0,31.3
332,333,Gabriel Martinelli,BRA,"FW,MF",Arsenal,23,25.4,23,15,0.5905511811023623,5,19,0,0.9055118110236221,0.5905511811023623,0.1968503937007874,0.023250046500093005,0.0,30.4
333,334,Emiliano Martínez,ARG,GK,Aston Villa,31,35.5,3,3,0.028169014084507043,0,17,6,0.08450704225352113,0.08450704225352113,0.0,0.0007934933544931561,0.16901408450704225,90.9
334,335,Lisandro Martínez,ARG,DF,Manchester Utd,26,19.5,40,24,1.1282051282051282,32,57,1,2.051282051282051,1.2307692307692308,1.641025641025641,0.057856673241288625,0.05128205128205128,55.2
335,336,Pape Matar Sarr,SEN,MF,Tottenham,21,21.3,49,36,1.220657276995305,30,25,1,2.300469483568075,1.6901408450704225,1.408450704225352,0.057307853380061266,0.046948356807511735,43.0
336,337,Jean-Philippe Mateta,FRA,FW,Crystal Palace,27,29.4,18,12,0.6462585034013606,2,23,0,0.6122448979591837,0.40816326530612246,0.06802721088435375,0.0219815817483456,0.0,37.1
337,338,Stephy Mavididi,ENG,FW,Leicester City,26,17.9,34,19,1.452513966480447,11,15,0,1.8994413407821231,1.0614525139664805,0.6145251396648045,0.08114603164695235,0.0,37.5
338,339,Konstantinos Mavropanos,GRE,DF,West Ham,26,22.7,35,24,1.1013215859030838,40,126,1,1.5418502202643172,1.0572687224669604,1.762114537444934,0.04851636942304334,0.04405286343612335,69.5
339,340,Noussair Mazraoui,MAR,DF,Manchester Utd,26,31.5,115,68,1.1428571428571428,34,95,1,3.6507936507936507,2.1587301587301586,1.0793650793650793,0.036281179138321996,0.031746031746031744,62.5
340,341,Bryan Mbeumo,CMR,FW,Brentford,24,37.9,49,31,0.6860158311345647,14,55,1,1.2928759894459103,0.8179419525065963,0.36939313984168864,0.01810068156027875,0.026385224274406333,31.5
341,342,James Mcatee,ENG,"MF,FW",Manchester City,21,3.9,5,2,2.0512820512820515,2,1,0,1.2820512820512822,0.5128205128205129,0.5128205128205129,0.5259697567389876,0.0,40.0
342,343,Kasey McAteer,IRL,FW,Leicester City,22,9.5,23,16,1.894736842105263,5,15,0,2.4210526315789473,1.6842105263157894,0.5263157894736842,0.19944598337950137,0.0,43.3
343,344,Alex McCarthy,ENG,GK,Southampton,34,5.0,0,0,0.0,0,1,4,0.0,0.0,0.0,0.0,0.8,100.0
344,345,John McGinn,SCO,"MF,FW",Aston Villa,29,24.7,33,24,0.8906882591093118,14,18,3,1.3360323886639676,0.9716599190283401,0.5668016194331984,0.0360602534052353,0.12145748987854252,58.6
345,346,Dwight McNeil,ENG,"MF,FW",Everton,24,15.2,13,8,0.46052631578947373,6,2,1,0.8552631578947368,0.5263157894736842,0.39473684210526316,0.03029778393351801,0.06578947368421052,15.0
346,347,Scott McTominay,SCO,MF,Manchester Utd,27,0.2,0,0,0.0,0,1,0,0.0,0.0,0.0,0.0,0.0,100.0
347,348,Ben Mee,ENG,DF,Brentford,34,2.0,2,2,1.5,4,7,0,1.0,1.0,2.0,0.75,0.0,50.0
348,349,Jayden Meghoma,ENG,DF,Brentford,18,0.1,0,0,0.0,0,0,0,0.0,0.0,0.0,0.0,0.0,0.0
349,350,Mikel Merino,ESP,"MF,FW",Arsenal,28,17.6,46,28,1.0227272727272727,15,26,2,2.6136363636363633,1.5909090909090908,0.8522727272727272,0.0581095041322314,0.11363636363636363,51.8
350,351,Shumaira Mheuka,ENG,MF,Chelsea,16,0.0,0,0,0.0,0,0,0,0.0,0.0,0.0,0.0,0.0,100.0
351,352,Nikola Milenković,SRB,DF,Nott'ham Forest,26,37.0,51,29,1.1081081081081081,27,209,1,1.3783783783783783,0.7837837837837838,0.7297297297297297,0.029948867786705625,0.02702702702702703,72.1
352,353,Lewis Miley,ENG,MF,Newcastle Utd,18,3.5,14,11,1.4285714285714286,2,5,2,4.0,3.142857142857143,0.5714285714285714,0.40816326530612246,0.5714285714285714,46.2
353,354,James Milner,ENG,MF,Brighton,38,1.9,5,2,2.1052631578947367,2,2,1,2.6315789473684212,1.0526315789473684,1.0526315789473684,1.10803324099723,0.5263157894736842,0.0
354,355,Tyrone Mings,ENG,DF,Aston Villa,31,12.4,7,6,1.0483870967741935,7,61,1,0.564516129032258,0.48387096774193544,0.564516129032258,0.08454734651404786,0.08064516129032258,55.1
355,356,Yankuba Minteh,GAM,"FW,MF",Brighton,20,20.4,48,35,1.0784313725490198,11,31,0,2.3529411764705883,1.715686274509804,0.5392156862745099,0.05286428296808921,0.0,33.3
356,357,Tyrick Mitchell,ENG,DF,Crystal Palace,24,34.4,91,55,1.9767441860465118,19,108,2,2.6453488372093026,1.5988372093023258,0.5523255813953488,0.057463493780421857,0.05813953488372093,48.8
357,358,Kaoru Mitoma,JPN,"FW,MF",Brighton,27,28.9,45,27,1.6608996539792389,14,10,0,1.5570934256055364,0.9342560553633218,0.4844290657439447,0.057470576262257406,0.0,49.1
358,359,Jakub Moder,POL,MF,Brighton,25,0.1,1,0,0.0,0,3,0,10.0,0.0,0.0,0.0,0.0,0.0
359,360,Jeremy Monga,,"FW,MF",Leicester City,,1.2,2,1,2.5,0,1,0,1.6666666666666667,0.8333333333333334,0.0,2.0833333333333335,0.0,0.0
360,361,Mikey Moore,ENG,FW,Tottenham,16,4.1,2,1,0.48780487804878053,1,4,0,0.48780487804878053,0.24390243902439027,0.24390243902439027,0.11897679952409282,0.0,14.3
361,362,Morato,BRA,DF,Nott'ham Forest,23,10.1,22,14,1.3861386138613863,10,78,2,2.1782178217821784,1.3861386138613863,0.9900990099009901,0.13724144691696893,0.19801980198019803,30.0
362,363,Álex Moreno,ESP,"DF,MF",Nott'ham Forest,31,10.6,25,18,1.0377358490566038,15,43,0,2.358490566037736,1.6981132075471699,1.4150943396226416,0.09789960840156639,0.0,21.4
363,364,Sam Morsy,EGY,MF,Ipswich Town,32,30.6,68,41,1.1111111111111112,29,47,5,2.2222222222222223,1.3398692810457515,0.9477124183006536,0.03631082062454612,0.16339869281045752,42.9
364,365,Yerson Mosquera,COL,DF,Wolves,23,4.9,11,7,2.6530612244897958,10,14,0,2.2448979591836733,1.4285714285714284,2.0408163265306123,0.5414410662224073,0.0,64.7
365,366,Mason Mount,ENG,MF,Manchester Utd,25,6.9,15,5,1.5942028985507246,4,4,0,2.1739130434782608,0.7246376811594203,0.5797101449275363,0.23104389834068473,0.0,33.3
366,367,Divin Mubama,ENG,FW,Manchester City,19,0.3,0,0,0.0,0,0,0,0.0,0.0,0.0,0.0,0.0,0.0
367,368,Mykhailo Mudryk,UKR,FW,Chelsea,23,1.7,2,2,1.7647058823529411,0,1,0,1.1764705882352942,1.1764705882352942,0.0,1.0380622837370241,0.0,33.3
368,369,Marshall Munetsi,ZIM,"MF,FW",Wolves,28,12.0,24,10,1.1666666666666667,6,18,0,2.0,0.8333333333333334,0.5,0.09722222222222222,0.0,55.8
369,370,Rodrigo Muniz,BRA,FW,Fulham,23,10.7,10,5,0.8411214953271029,5,14,0,0.9345794392523366,0.4672897196261683,0.4672897196261683,0.07860948554458906,0.0,51.5
370,371,Daniel Muñoz,COL,DF,Crystal Palace,28,35.9,123,80,1.1142061281337048,44,108,1,3.4261838440111423,2.2284122562674096,1.2256267409470754,0.031036382399267544,0.02785515320334262,42.6
371,372,Arijanet Muric,KVX,GK,Ipswich Town,25,18.0,0,0,0.0,0,10,5,0.0,0.0,0.0,0.0,0.2777777777777778,91.7
372,373,Murillo,BRA,DF,Nott'ham Forest,22,35.4,53,36,1.9491525423728815,36,249,3,1.497175141242938,1.0169491525423728,1.0169491525423728,0.05506080628171982,0.08474576271186442,66.7
373,374,Jacob Murphy,ENG,FW,Newcastle Utd,29,26.2,28,19,1.183206106870229,13,35,1,1.0687022900763359,0.7251908396946565,0.4961832061068702,0.045160538430161414,0.03816793893129771,23.8
374,375,Vitaliy Mykolenko,UKR,DF,Everton,25,34.2,63,38,0.7309941520467835,44,145,2,1.8421052631578947,1.111111111111111,1.286549707602339,0.021374098013063843,0.05847953216374269,56.0
375,376,Iliman Ndiaye,SEN,FW,Everton,24,27.0,53,28,1.1111111111111112,20,24,1,1.962962962962963,1.037037037037037,0.7407407407407407,0.0411522633744856,0.037037037037037035,24.0
376,377,Wilfred Ndidi,NGA,MF,Leicester City,27,25.8,85,51,1.821705426356589,31,80,0,3.294573643410853,1.9767441860465116,1.2015503875968991,0.07060873745568175,0.0,50.8
377,378,Kosta Nedeljković,SRB,DF,Aston Villa,18,1.4,7,5,0.7142857142857143,0,3,0,5.0,3.5714285714285716,0.0,0.5102040816326531,0.0,0.0
378,379,Reiss Nelson,ENG,FW,Arsenal,24,0.0,1,0,0.0,0,1,0,0.0,0.0,0.0,0.0,0.0,0.0
379,380,Reiss Nelson,ENG,FW,Fulham,24,5.4,8,6,2.0370370370370368,5,2,0,1.4814814814814814,1.111111111111111,0.9259259259259258,0.37722908093278457,0.0,0.0
380,381,Neto,BRA,GK,Bournemouth,35,2.0,0,0,0.0,0,1,1,0.0,0.0,0.0,0.0,0.5,0.0
381,382,Pedro Neto,POR,FW,Chelsea,24,25.2,23,9,0.5555555555555556,9,6,0,0.9126984126984127,0.35714285714285715,0.35714285714285715,0.022045855379188715,0.0,26.8
382,383,Eddie Nketiah,ENG,"FW,MF",Crystal Palace,25,11.5,15,8,0.8695652173913043,3,12,0,1.3043478260869565,0.6956521739130435,0.2608695652173913,0.07561436672967864,0.0,35.6
383,384,Christopher Nkunku,FRA,FW,Chelsea,26,10.2,12,8,0.8823529411764707,7,10,0,1.1764705882352942,0.7843137254901962,0.6862745098039216,0.0865051903114187,0.0,42.1
384,385,Gustavo Nunes,BRA,"FW,MF",Brentford,18,0.1,3,2,0.0,0,2,0,30.0,20.0,0.0,0.0,0.0,0.0
385,386,Matheus Nunes,POR,"DF,MF",Manchester City,25,18.6,35,22,0.9139784946236559,15,38,2,1.8817204301075268,1.182795698924731,0.8064516129032258,0.049138628743207305,0.1075268817204301,42.4
386,387,Darwin Núñez,URU,FW,Liverpool,25,12.6,21,18,0.4761904761904762,4,12,0,1.6666666666666667,1.4285714285714286,0.31746031746031744,0.03779289493575208,0.0,37.7
387,388,Ethan Nwaneri,ENG,"FW,MF",Arsenal,17,9.9,11,7,0.8080808080808081,2,4,1,1.1111111111111112,0.7070707070707071,0.20202020202020202,0.08162432404856647,0.10101010101010101,33.3
388,389,Christian Nørgaard,DEN,MF,Brentford,30,31.3,79,49,1.6613418530351438,49,70,1,2.523961661341853,1.5654952076677315,1.5654952076677315,0.053078014473966255,0.03194888178913738,62.0
389,390,Jake O'Brien,IRL,DF,Everton,23,17.5,26,17,0.9714285714285714,4,93,0,1.4857142857142858,0.9714285714285714,0.22857142857142856,0.05551020408163265,0.0,57.7
390,391,Matt O'Riley,DEN,MF,Brighton,23,10.4,16,9,0.673076923076923,13,9,1,1.5384615384615383,0.8653846153846153,1.25,0.0647189349112426,0.09615384615384615,38.5
391,392,Dara O'Shea,IRL,DF,Ipswich Town,25,34.7,49,31,1.786743515850144,33,225,4,1.4121037463976944,0.893371757925072,0.9510086455331411,0.05149116760375054,0.11527377521613832,57.3
392,393,Chidozie Obi-Martin,DEN,FW,Manchester Utd,16,1.8,2,1,0.0,0,1,0,1.1111111111111112,0.5555555555555556,0.0,0.0,0.0,33.3
393,394,Wilson Odobert,FRA,"FW,MF",Tottenham,19,9.4,14,5,0.6382978723404255,4,5,1,1.4893617021276595,0.5319148936170213,0.425531914893617,0.06790402897238568,0.10638297872340426,33.3
394,395,Chiedozie Ogbene,IRL,FW,Ipswich Town,27,2.6,7,3,0.3846153846153846,1,3,0,2.692307692307692,1.1538461538461537,0.3846153846153846,0.14792899408284022,0.0,14.3
395,396,Caleb Okoli,ITA,DF,Leicester City,23,12.5,25,14,1.92,15,79,3,2.0,1.12,1.2,0.1536,0.24,52.3
396,397,Robin Olsen,SWE,GK,Aston Villa,34,2.5,1,0,0.0,0,2,1,0.4,0.0,0.0,0.0,0.4,0.0
397,398,Amadou Onana,BEL,MF,Aston Villa,22,18.0,55,30,0.8888888888888888,26,41,3,3.0555555555555554,1.6666666666666667,1.4444444444444444,0.04938271604938271,0.16666666666666666,60.4
398,399,André Onana,CMR,GK,Manchester Utd,28,34.0,2,2,0.0,0,11,4,0.058823529411764705,0.058823529411764705,0.0,0.0,0.11764705882352941,100.0
399,400,Paul Onuachu,NGA,FW,Southampton,30,11.7,7,2,0.5982905982905983,1,16,1,0.5982905982905983,0.17094017094017094,0.08547008547008547,0.05113594857184601,0.08547008547008547,61.2
400,401,Frank Onyeka,NGA,MF,Brentford,26,0.3,0,0,0.0,0,0,0,0.0,0.0,0.0,0.0,0.0,0.0
401,402,Lewis Orford,ENG,MF,West Ham,18,0.5,0,0,2.0,1,0,0,0.0,0.0,2.0,4.0,0.0,0.0
402,403,Stefan Ortega,GER,GK,Manchester City,31,12.2,0,0,0.0,0,11,1,0.0,0.0,0.0,0.0,0.0819672131147541,100.0
403,404,William Osula,DEN,FW,Newcastle Utd,20,1.5,2,0,0.0,4,2,0,1.3333333333333333,0.0,2.6666666666666665,0.0,0.0,75.0
404,405,Dango Ouattara,BFA,FW,Bournemouth,22,22.3,35,26,1.6143497757847534,11,51,0,1.569506726457399,1.1659192825112108,0.49327354260089684,0.07239236662711898,0.0,41.7
405,406,Nico O’Reilly,ENG,DF,Manchester City,19,5.9,9,4,0.847457627118644,4,12,0,1.5254237288135593,0.6779661016949152,0.6779661016949152,0.14363688595231253,0.0,40.0
406,407,Alex Palmer,ENG,GK,Ipswich Town,27,13.0,0,0,0.0,0,12,0,0.0,0.0,0.0,0.0,0.0,100.0
407,408,Cole Palmer,ENG,"MF,FW",Chelsea,22,35.5,34,20,0.4507042253521127,11,20,1,0.9577464788732394,0.5633802816901409,0.30985915492957744,0.012695893671890498,0.028169014084507043,22.2
408,409,Emerson Palmieri,ITA,DF,West Ham,29,23.5,60,31,1.3617021276595744,21,59,0,2.5531914893617023,1.3191489361702127,0.8936170212765957,0.057944771389769126,0.0,47.4
409,410,Lucas Paquetá,BRA,"MF,FW",West Ham,26,26.4,66,37,1.0984848484848486,18,37,6,2.5,1.4015151515151516,0.6818181818181819,0.04160927456382003,0.2272727272727273,45.7
410,411,Thomas Partey,GHA,"MF,DF",Arsenal,31,31.1,89,53,0.932475884244373,35,49,4,2.8617363344051445,1.7041800643086815,1.12540192926045,0.029983147403356045,0.12861736334405144,50.9
411,412,Nathan Patterson,SCO,DF,Everton,22,3.9,11,6,0.5128205128205129,2,7,0,2.8205128205128207,1.5384615384615385,0.5128205128205129,0.1314924391847469,0.0,12.5
412,413,Andreas Pereira,BRA,MF,Fulham,28,22.4,24,13,0.7589285714285715,8,17,3,1.0714285714285714,0.5803571428571429,0.35714285714285715,0.03388073979591837,0.13392857142857142,36.1
413,414,Ricardo Pereira,POR,DF,Leicester City,30,4.3,13,8,1.8604651162790697,4,11,0,3.0232558139534884,1.8604651162790697,0.9302325581395349,0.4326663061114116,0.0,66.7
414,415,Kalvin Phillips,ENG,MF,Ipswich Town,28,13.7,35,19,2.5547445255474455,19,37,2,2.5547445255474455,1.3868613138686132,1.3868613138686132,0.18647770259470406,0.14598540145985403,24.1
415,416,Jaden Philogene Bidace,ENG,"FW,MF",Aston Villa,22,3.7,11,5,1.3513513513513513,3,2,1,2.972972972972973,1.3513513513513513,0.8108108108108107,0.36523009495982467,0.27027027027027023,0.0
416,417,Jaden Philogene Bidace,ENG,"FW,DF",Ipswich Town,22,5.3,14,7,2.0754716981132075,10,9,1,2.6415094339622645,1.3207547169811322,1.8867924528301887,0.39159843360626556,0.18867924528301888,62.5
417,418,Jordan Pickford,ENG,GK,Everton,30,38.0,1,0,0.0,1,30,2,0.02631578947368421,0.0,0.02631578947368421,0.0,0.05263157894736842,83.3
418,419,Ethan Pinnock,JAM,DF,Brentford,31,21.3,35,19,1.3615023474178403,24,142,4,1.6431924882629108,0.892018779342723,1.1267605633802817,0.06392029800083757,0.18779342723004694,59.4
419,420,Daniel Podence,POR,"MF,FW",Wolves,28,0.5,0,0,0.0,0,0,0,0.0,0.0,0.0,0.0,0.0,0.0
420,421,Alfie Pond,ENG,DF,Wolves,20,0.0,0,0,0.0,0,0,0,0.0,0.0,0.0,0.0,0.0,0.0
421,422,Nick Pope,ENG,GK,Newcastle Utd,32,28.0,0,0,0.03571428571428571,1,32,5,0.0,0.0,0.03571428571428571,0.0012755102040816326,0.17857142857142858,91.7
422,423,Pedro Porro,ESP,DF,Tottenham,24,29.0,66,49,1.5172413793103448,36,84,2,2.2758620689655173,1.6896551724137931,1.2413793103448276,0.052318668252080855,0.06896551724137931,34.3
423,424,Jarell Quansah,ENG,DF,Liverpool,21,5.5,12,8,1.8181818181818181,7,28,1,2.1818181818181817,1.4545454545454546,1.2727272727272727,0.3305785123966942,0.18181818181818182,41.2
424,425,Hákon Rafn Valdimarsson,ISL,GK,Brentford,22,1.6,0,0,0.0,0,2,0,0.0,0.0,0.0,0.0,0.0,100.0
425,426,Aaron Ramsdale,ENG,GK,Southampton,26,30.0,0,0,0.0,2,10,3,0.0,0.0,0.06666666666666667,0.0,0.1,100.0
426,427,Jacob Ramsey,ENG,"FW,MF",Aston Villa,23,18.0,30,15,1.2777777777777777,8,8,1,1.6666666666666667,0.8333333333333334,0.4444444444444444,0.07098765432098765,0.05555555555555555,35.0
427,428,Marcus Rashford,ENG,"FW,MF",Manchester Utd,26,10.9,7,4,0.7339449541284403,4,7,0,0.6422018348623852,0.36697247706422015,0.36697247706422015,0.0673343994613248,0.0,41.7
428,429,Marcus Rashford,ENG,FW,Aston Villa,26,4.9,10,7,0.4081632653061224,1,3,0,2.0408163265306123,1.4285714285714284,0.2040816326530612,0.08329862557267803,0.0,11.1
429,430,David Raya,ESP,GK,Arsenal,28,38.0,0,0,0.0,2,21,9,0.0,0.0,0.05263157894736842,0.0,0.23684210526315788,100.0
430,431,Harrison Reed,ENG,MF,Fulham,29,1.2,6,3,0.8333333333333334,1,3,0,5.0,2.5,0.8333333333333334,0.6944444444444445,0.0,33.3
431,432,Remy Rees-Dottin,ENG,FW,Bournemouth,18,0.0,0,0,0.0,0,0,0,0.0,0.0,0.0,0.0,0.0,0.0
432,433,Sergio Reguilón,ESP,DF,Tottenham,27,2.2,4,3,3.1818181818181817,4,8,0,1.8181818181818181,1.3636363636363635,1.8181818181818181,1.446280991735537,0.0,71.4
433,434,Vitor Reis,BRA,DF,Manchester City,18,0.0,0,0,0.0,0,1,0,0.0,0.0,0.0,0.0,0.0,0.0
434,435,Chadi Riad,MAR,DF,Crystal Palace,21,1.0,5,2,0.0,2,0,0,5.0,2.0,2.0,0.0,0.0,33.3
435,436,Declan Rice,ENG,MF,Arsenal,25,31.4,53,25,0.8598726114649682,25,51,0,1.6878980891719746,0.7961783439490446,0.7961783439490446,0.027384478072132745,0.0,59.7
436,437,Chris Richards,USA,DF,Crystal Palace,24,21.4,47,30,1.869158878504673,19,121,0,2.196261682242991,1.4018691588785048,0.8878504672897197,0.08734387282732117,0.0,53.9
437,438,Richarlison,BRA,FW,Tottenham,27,5.6,5,3,0.17857142857142858,0,8,0,0.8928571428571429,0.5357142857142857,0.0,0.03188775510204082,0.0,30.3
438,439,Andrew Robertson,SCO,DF,Liverpool,30,27.6,39,22,0.36231884057971014,21,54,2,1.4130434782608694,0.7971014492753623,0.7608695652173912,0.01312749422390254,0.07246376811594203,33.3
439,440,Antonee Robinson,USA,DF,Fulham,26,35.2,95,61,1.221590909090909,62,133,2,2.6988636363636362,1.7329545454545454,1.7613636363636362,0.03470428719008264,0.056818181818181816,65.8
440,441,Jay Robinson,ENG,"MF,FW",Southampton,17,1.5,4,1,0.0,0,1,0,2.6666666666666665,0.6666666666666666,0.0,0.0,0.0,0.0
441,442,Rodri,ESP,MF,Manchester City,28,0.8,2,1,1.25,1,1,0,2.5,1.25,1.25,1.5625,0.0,100.0
442,443,Guido Rodríguez,ARG,MF,West Ham,30,12.8,36,19,1.796875,13,35,1,2.8125,1.484375,1.015625,0.140380859375,0.078125,61.1
443,444,Mads Roerslev,DEN,DF,Brentford,25,12.2,18,8,0.9836065573770493,4,35,0,1.4754098360655739,0.6557377049180328,0.3278688524590164,0.0806234883095942,0.0,41.7
444,445,Morgan Rogers,ENG,"FW,MF",Aston Villa,22,34.6,43,22,0.7514450867052023,6,20,2,1.2427745664739884,0.6358381502890174,0.17341040462427745,0.02171806608974573,0.057803468208092484,20.0
445,446,Cristian Romero,ARG,DF,Tottenham,26,15.7,35,29,1.1464968152866242,21,57,2,2.229299363057325,1.8471337579617835,1.337579617834395,0.07302527485902065,0.12738853503184713,60.3
446,447,Georginio Rutter,FRA,"MF,FW",Brighton,22,18.4,39,15,1.0869565217391306,10,13,2,2.1195652173913047,0.8152173913043479,0.5434782608695653,0.05907372400756145,0.10869565217391305,35.2
447,448,José Sá,POR,GK,Wolves,31,29.0,2,2,0.0,0,15,1,0.06896551724137931,0.06896551724137931,0.0,0.0,0.034482758620689655,91.7
448,449,Bukayo Saka,ENG,"FW,MF",Arsenal,22,19.2,29,15,1.1458333333333335,3,8,0,1.5104166666666667,0.78125,0.15625,0.059678819444444454,0.0,33.3
449,450,Mohamed Salah,EGY,FW,Liverpool,32,37.5,21,11,0.32,9,5,0,0.56,0.29333333333333333,0.24,0.008533333333333334,0.0,39.1
450,451,William Saliba,FRA,DF,Arsenal,23,33.8,62,37,0.7396449704142013,21,119,7,1.8343195266272192,1.0946745562130178,0.6213017751479291,0.02188298729036099,0.20710059171597636,62.9
451,452,Robert Sánchez,ESP,GK,Chelsea,26,32.0,0,0,0.0,2,24,10,0.0,0.0,0.0625,0.0,0.3125,100.0
452,453,Jadon Sancho,ENG,FW,Chelsea,24,19.6,13,7,0.5612244897959183,2,8,2,0.6632653061224489,0.3571428571428571,0.1020408163265306,0.028633902540608075,0.1020408163265306,35.3
453,454,Ibrahim Sangaré,CIV,MF,Nott'ham Forest,26,6.6,28,14,1.5151515151515151,6,13,1,4.242424242424242,2.121212121212121,0.9090909090909092,0.2295684113865932,0.15151515151515152,50.0
454,455,Pablo Sarabia,ESP,"MF,FW",Wolves,32,9.0,16,8,1.1111111111111112,4,7,1,1.7777777777777777,0.8888888888888888,0.4444444444444444,0.1234567901234568,0.1111111111111111,26.3
455,456,Jeremy Sarmiento,ECU,MF,Brighton,22,0.1,0,0,0.0,0,0,0,0.0,0.0,0.0,0.0,0.0,0.0
456,457,Ismaila Sarr,SEN,MF,Crystal Palace,26,30.1,22,10,0.8970099667774086,9,40,0,0.7308970099667774,0.33222591362126247,0.2990033222591362,0.029800995574000285,0.0,41.6
457,458,Sávio,BRA,"FW,MF",Manchester City,20,19.6,23,17,0.7142857142857142,6,9,1,1.173469387755102,0.8673469387755102,0.3061224489795918,0.03644314868804664,0.0510204081632653,33.3
458,459,Oliver Scarles,ENG,"DF,FW",West Ham,18,7.4,21,11,1.8918918918918919,11,26,0,2.8378378378378377,1.4864864864864864,1.4864864864864864,0.25566106647187725,0.0,50.0
459,460,Dane Scarlett,ENG,"FW,MF",Tottenham,20,0.4,1,0,0.0,0,1,0,2.5,0.0,0.0,0.0,0.0,100.0
460,461,Kevin Schade,GER,FW,Brentford,22,25.5,39,25,0.7450980392156863,5,34,0,1.5294117647058822,0.9803921568627451,0.19607843137254902,0.029219530949634757,0.0,52.9
461,462,Fabian Schär,SUI,DF,Newcastle Utd,32,32.6,36,21,1.165644171779141,45,138,3,1.1042944785276072,0.6441717791411042,1.3803680981595092,0.035755956189544205,0.09202453987730061,44.1
462,463,Jeffrey Schlupp,GHA,"MF,DF",Crystal Palace,31,1.1,2,0,5.454545454545454,0,2,0,1.8181818181818181,0.0,0.0,4.958677685950413,0.0,42.9
463,464,Alex Scott,ENG,MF,Bournemouth,20,8.4,27,14,2.0238095238095237,10,15,0,3.214285714285714,1.6666666666666665,1.1904761904761905,0.24092970521541948,0.0,50.0
464,465,Matz Sels,BEL,GK,Nott'ham Forest,32,38.0,1,1,0.0,0,26,1,0.02631578947368421,0.02631578947368421,0.0,0.0,0.02631578947368421,88.2
465,466,Nélson Semedo,POR,DF,Wolves,30,32.1,62,36,0.9968847352024922,23,104,3,1.9314641744548287,1.1214953271028036,0.7165109034267912,0.03105559922749197,0.09345794392523364,40.0
466,467,Antoine Semenyo,GHA,FW,Bournemouth,24,35.6,55,35,1.8820224719101122,11,39,2,1.544943820224719,0.9831460674157303,0.3089887640449438,0.05286579977275596,0.056179775280898875,46.5
467,468,Marcos Senesi,ARG,DF,Bournemouth,27,12.3,39,21,1.3008130081300813,14,58,0,3.170731707317073,1.7073170731707317,1.1382113821138211,0.10575715513252693,0.0,52.5
468,469,Ryan Sessegnon,ENG,"FW,DF",Fulham,24,6.4,27,13,2.03125,3,18,0,4.21875,2.03125,0.46875,0.3173828125,0.0,42.1
469,470,Luke Shaw,ENG,DF,Manchester Utd,29,3.9,4,3,1.5384615384615385,2,7,0,1.0256410256410258,0.7692307692307693,0.5128205128205129,0.39447731755424065,0.0,60.0
470,471,Zain Silcott-Duberry,MSR,FW,Bournemouth,19,0.0,1,1,0.0,0,0,0,0.0,0.0,0.0,0.0,0.0,0.0
471,472,Bernardo Silva,POR,"MF,FW",Manchester City,29,29.7,56,37,1.2121212121212122,23,32,3,1.8855218855218856,1.245791245791246,0.7744107744107744,0.04081216202428324,0.10101010101010101,33.3
472,473,Jota Silva,POR,"FW,MF",Nott'ham Forest,24,9.5,27,14,0.9473684210526315,12,17,0,2.8421052631578947,1.4736842105263157,1.263157894736842,0.09972299168975068,0.0,41.2
473,474,Eric da Silva Moreira,GER,"MF,DF",Nott'ham Forest,18,0.3,2,2,0.0,1,0,0,6.666666666666667,6.666666666666667,3.3333333333333335,0.0,0.0,0.0
474,475,Jahmai Simpson-Pusey,ENG,DF,Manchester City,18,1.1,1,0,0.9090909090909091,0,2,0,0.9090909090909091,0.0,0.0,0.8264462809917354,0.0,25.0
475,476,Luis Sinisterra,COL,"FW,MF",Bournemouth,25,2.6,7,2,1.1538461538461537,1,8,0,2.692307692307692,0.7692307692307692,0.3846153846153846,0.44378698224852065,0.0,30.0
476,477,Oliver Skipp,ENG,MF,Leicester City,23,12.5,21,4,1.84,11,11,2,1.68,0.32,0.88,0.1472,0.16,66.7
477,478,William Smallbone,IRL,MF,Southampton,24,7.7,20,13,1.0389610389610389,2,14,2,2.5974025974025974,1.6883116883116882,0.2597402597402597,0.13493000505987518,0.2597402597402597,40.0
478,479,Adam Smith,ENG,DF,Bournemouth,33,17.7,24,12,0.7344632768361582,15,49,1,1.3559322033898307,0.6779661016949153,0.8474576271186441,0.04149510038622363,0.05649717514124294,48.3
479,480,Emile Smith Rowe,ENG,MF,Fulham,24,22.7,31,18,0.9691629955947136,11,16,0,1.3656387665198237,0.7929515418502203,0.4845814977973568,0.042694405092278134,0.0,23.1
480,481,Dominic Solanke,ENG,FW,Tottenham,26,24.5,18,11,0.8163265306122449,1,23,0,0.7346938775510204,0.4489795918367347,0.04081632653061224,0.03331945022907122,0.0,43.4
481,482,Carlos Soler,ESP,"MF,FW",West Ham,27,15.7,16,11,1.2101910828025477,8,21,2,1.019108280254777,0.7006369426751593,0.5095541401273885,0.0770822345734107,0.12738853503184713,45.5
482,483,Julio Soler,ARG,"DF,FW",Bournemouth,19,0.1,1,1,10.0,0,0,0,10.0,10.0,0.0,100.0,0.0,0.0
483,484,Ramón Sosa,PAR,"FW,MF",Nott'ham Forest,24,3.3,5,3,2.7272727272727275,4,5,0,1.5151515151515151,0.9090909090909092,1.2121212121212122,0.8264462809917357,0.0,36.4
484,485,Tomáš Souček,CZE,MF,West Ham,29,28.5,46,21,1.4385964912280702,20,85,1,1.6140350877192982,0.7368421052631579,0.7017543859649122,0.05047706986765159,0.03508771929824561,57.6
485,486,Boubakary Soumaré,FRA,MF,Leicester City,25,24.1,37,20,0.9128630705394191,27,34,4,1.5352697095435683,0.8298755186721991,1.120331950207469,0.03787813570702984,0.16597510373443983,65.6
486,487,Djed Spence,ENG,DF,Tottenham,23,19.9,47,34,1.407035175879397,21,74,2,2.361809045226131,1.7085427135678393,1.0552763819095479,0.0707052852200702,0.10050251256281408,60.0
487,488,Jay Stansfield,ENG,MF,Fulham,21,0.0,0,0,0.0,0,0,0,0.0,0.0,0.0,0.0,0.0,0.0
488,489,Jason Steele,ENG,GK,Brighton,33,2.0,0,0,0.0,0,1,0,0.0,0.0,0.0,0.0,0.0,50.0
489,490,Jack Stephens,ENG,DF,Southampton,30,15.4,34,20,1.2987012987012987,13,53,2,2.207792207792208,1.2987012987012987,0.8441558441558441,0.08433125316242199,0.12987012987012986,37.5
490,491,Raheem Sterling,ENG,"FW,MF",Arsenal,29,5.5,9,4,0.5454545454545454,1,4,0,1.6363636363636365,0.7272727272727273,0.18181818181818182,0.09917355371900825,0.0,25.0
491,492,Ross Stewart,SCO,FW,Southampton,28,4.3,6,4,0.6976744186046512,1,7,0,1.3953488372093024,0.9302325581395349,0.23255813953488372,0.16224986479177936,0.0,36.1
492,493,Jakub Stolarczyk,POL,GK,Leicester City,23,10.0,2,1,0.0,0,6,1,0.2,0.1,0.0,0.0,0.1,100.0
493,494,John Stones,ENG,"DF,MF",Manchester City,30,6.1,6,2,0.819672131147541,4,19,1,0.9836065573770493,0.3278688524590164,0.6557377049180328,0.13437248051599035,0.1639344262295082,57.1
494,495,Jørgen Strand Larsen,NOR,FW,Wolves,24,28.7,10,6,0.662020905923345,6,29,0,0.34843205574912894,0.20905923344947736,0.20905923344947736,0.023066930519977175,0.0,40.1
495,496,Yukinari Sugawara,JPN,"DF,MF",Southampton,24,17.3,31,18,1.2138728323699421,11,53,3,1.791907514450867,1.0404624277456647,0.6358381502890174,0.07016605967456313,0.17341040462427745,35.7
496,497,Kamaldeen Sulemana,GHA,"FW,MF",Southampton,22,15.6,22,17,1.0256410256410258,6,9,0,1.4102564102564104,1.0897435897435899,0.38461538461538464,0.06574621959237345,0.0,32.5
497,498,Crysencio Summerville,NED,"FW,MF",West Ham,22,8.7,13,7,1.4942528735632186,0,7,0,1.4942528735632186,0.8045977011494253,0.0,0.17175320385784124,0.0,30.8
498,499,Sammie Szmodics,IRL,"FW,MF",Ipswich Town,28,11.0,16,10,0.9090909090909091,6,14,0,1.4545454545454546,0.9090909090909091,0.5454545454545454,0.08264462809917356,0.0,35.3
499,500,Dominik Szoboszlai,HUN,MF,Liverpool,23,27.7,38,20,1.407942238267148,9,19,2,1.371841155234657,0.7220216606498195,0.3249097472924188,0.050828239648633505,0.07220216606498195,45.2
500,501,Matt Targett,ENG,DF,Newcastle Utd,28,0.2,0,0,0.0,1,1,0,0.0,0.0,5.0,0.0,0.0,0.0
501,502,James Tarkowski,ENG,DF,Everton,31,32.5,64,40,1.7538461538461538,41,213,4,1.9692307692307693,1.2307692307692308,1.2615384615384615,0.05396449704142012,0.12307692307692308,75.6
502,503,Marcus Tavernier,ENG,"FW,MF",Bournemouth,25,21.5,43,24,0.7441860465116279,5,11,0,2.0,1.1162790697674418,0.23255813953488372,0.03461330448891293,0.0,44.1
503,504,Charlie Taylor,ENG,DF,Southampton,30,4.0,7,5,2.0,5,31,1,1.75,1.25,1.25,0.5,0.25,75.0
504,505,Jack Taylor,IRL,MF,Ipswich Town,26,9.6,20,10,1.25,9,24,0,2.0833333333333335,1.0416666666666667,0.9375,0.13020833333333334,0.0,46.7
505,506,Mathys Tel,FRA,FW,Tottenham,19,10.1,16,6,0.7920792079207921,2,8,2,1.5841584158415842,0.594059405940594,0.19801980198019803,0.07842368395255368,0.19801980198019803,36.4
506,507,Kenny Tete,NED,DF,Fulham,28,19.7,56,38,1.5736040609137056,32,67,0,2.8426395939086295,1.9289340101522843,1.6243654822335025,0.07987837872658404,0.0,52.2
507,508,Thiago,BRA,"FW,MF",Brentford,23,1.9,5,3,1.5789473684210527,2,3,1,2.6315789473684212,1.5789473684210527,1.0526315789473684,0.8310249307479225,0.5263157894736842,58.3
508,509,Luke Thomas,ENG,DF,Leicester City,23,12.3,31,25,1.2195121951219512,21,49,1,2.5203252032520322,2.0325203252032518,1.7073170731707317,0.09914733293674399,0.08130081300813008,54.2
509,510,Youri Tielemans,BEL,MF,Aston Villa,27,33.6,84,58,1.130952380952381,23,47,4,2.5,1.726190476190476,0.6845238095238095,0.033659297052154195,0.11904761904761904,55.0
510,511,Kieran Tierney,SCO,"DF,FW",Arsenal,27,2.9,7,5,0.0,3,9,0,2.413793103448276,1.7241379310344829,1.0344827586206897,0.0,0.0,50.0
511,512,Jurriën Timber,NED,DF,Arsenal,23,26.9,58,38,0.7063197026022305,22,44,1,2.156133828996283,1.412639405204461,0.8178438661710038,0.02625723801495281,0.03717472118959108,52.4
512,513,Jean-Clair Todibo,FRA,DF,West Ham,24,20.3,47,28,1.2315270935960592,26,83,3,2.315270935960591,1.379310344827586,1.2807881773399015,0.06066635929044626,0.14778325123152708,51.9
513,514,Harry Toffolo,ENG,DF,Nott'ham Forest,28,1.5,5,3,1.3333333333333333,2,12,0,3.3333333333333335,2.0,1.3333333333333333,0.8888888888888888,0.0,100.0
514,515,Takehiro Tomiyasu,JPN,DF,Arsenal,25,0.1,0,0,0.0,0,1,0,0.0,0.0,0.0,0.0,0.0,0.0
515,516,Sandro Tonali,ITA,MF,Newcastle Utd,24,29.2,51,32,1.1643835616438356,34,33,2,1.7465753424657535,1.095890410958904,1.1643835616438356,0.03987614937136423,0.0684931506849315,50.0
516,517,Pau Torres,ESP,DF,Aston Villa,27,22.4,21,15,0.7142857142857143,10,75,2,0.9375000000000001,0.6696428571428572,0.44642857142857145,0.03188775510204082,0.08928571428571429,38.3
517,518,Conor Townsend,ENG,DF,Ipswich Town,31,3.7,11,8,2.162162162162162,4,16,0,2.972972972972973,2.162162162162162,1.081081081081081,0.5843681519357193,0.0,60.0
518,519,Adama Traoré,ESP,"FW,MF",Fulham,28,19.7,20,13,0.3553299492385787,1,6,4,1.015228426395939,0.6598984771573604,0.050761421319796954,0.018037053260841557,0.20304568527918782,49.0
519,520,Boubacar Traoré,MLI,MF,Wolves,22,0.0,2,0,0.0,0,0,0,0.0,0.0,0.0,0.0,0.0,0.0
520,521,Mark Travers,IRL,GK,Bournemouth,25,5.0,0,0,0.0,0,5,0,0.0,0.0,0.0,0.0,0.0,100.0
521,522,Ryan Trevitt,ENG,MF,Brentford,21,0.0,1,1,0.0,0,0,0,0.0,0.0,0.0,0.0,0.0,0.0
522,523,Kieran Trippier,ENG,DF,Newcastle Utd,33,14.5,38,21,0.7586206896551724,12,49,0,2.6206896551724137,1.4482758620689655,0.8275862068965517,0.052318668252080855,0.0,59.5
523,524,Leandro Trossard,BEL,FW,Arsenal,29,28.3,31,20,1.1307420494699647,9,18,0,1.0954063604240283,0.7067137809187279,0.31802120141342755,0.0399555494512355,0.0,20.0
524,525,Kostas Tsimikas,GRE,DF,Liverpool,28,9.3,31,20,0.5376344086021505,11,20,0,3.333333333333333,2.150537634408602,1.182795698924731,0.057810151462596826,0.0,38.5
525,526,Axel Tuanzebe,COD,DF,Ipswich Town,26,19.0,31,19,1.105263157894737,23,56,1,1.631578947368421,1.0,1.2105263157894737,0.05817174515235458,0.05263157894736842,55.0
526,527,Destiny Udogie,ITA,DF,Tottenham,21,21.4,75,47,1.869158878504673,22,36,1,3.504672897196262,2.196261682242991,1.0280373831775702,0.08734387282732117,0.04672897196261683,50.0
527,528,Manuel Ugarte Ribeiro,URU,MF,Manchester Utd,23,19.8,77,49,1.6666666666666665,27,17,2,3.888888888888889,2.4747474747474745,1.3636363636363635,0.08417508417508417,0.10101010101010101,50.0
528,529,Lesley Ugochukwu,FRA,MF,Southampton,20,18.4,50,24,1.4673913043478262,14,23,2,2.717391304347826,1.3043478260869565,0.7608695652173914,0.07974952741020795,0.10869565217391305,52.6
529,530,Enes Ünal,TUR,"FW,MF",Bournemouth,27,3.8,1,0,0.2631578947368421,0,6,0,0.2631578947368421,0.0,0.0,0.06925207756232687,0.0,52.2
530,531,Virgil van Dijk,NED,DF,Liverpool,33,37.0,38,20,0.7297297297297297,56,190,4,1.027027027027027,0.5405405405405406,1.5135135135135136,0.019722425127830533,0.10810810810810811,72.1
531,532,Jamie Vardy,ENG,FW,Leicester City,37,31.4,19,13,0.25477707006369427,5,24,0,0.6050955414012739,0.4140127388535032,0.15923566878980894,0.008113919428780073,0.0,47.6
532,533,Renato Veiga,POR,"DF,MF",Chelsea,21,2.0,9,6,1.5,1,2,0,4.5,3.0,0.5,0.75,0.0,50.0
533,534,Joël Veltman,NED,DF,Brighton,32,18.9,43,29,1.1640211640211642,19,66,0,2.2751322751322753,1.5343915343915344,1.0052910052910053,0.06158842137678118,0.0,53.8
534,535,Micky van de Ven,NED,DF,Tottenham,23,11.3,10,6,1.0619469026548671,10,39,1,0.8849557522123893,0.5309734513274336,0.8849557522123893,0.0939776020048555,0.08849557522123894,48.7
535,536,Bart Verbruggen,NED,GK,Brighton,21,36.0,0,0,0.027777777777777776,0,29,5,0.0,0.0,0.0,0.0007716049382716049,0.1388888888888889,90.9
536,537,Jannik Vestergaard,DEN,DF,Leicester City,31,15.5,22,10,1.3548387096774193,16,74,1,1.4193548387096775,0.6451612903225806,1.032258064516129,0.0874089490114464,0.06451612903225806,57.8
537,538,Guglielmo Vicario,ITA,GK,Tottenham,27,24.0,0,0,0.0,1,14,6,0.0,0.0,0.041666666666666664,0.0,0.25,100.0
538,539,Carlos Vinícius,BRA,"MF,FW",Fulham,29,0.2,0,0,5.0,0,0,0,0.0,0.0,0.0,25.0,0.0,0.0
539,540,Kyle Walker,ENG,DF,Manchester City,34,10.8,17,10,1.2037037037037037,3,13,1,1.574074074074074,0.9259259259259258,0.27777777777777773,0.11145404663923182,0.09259259259259259,56.3
540,541,Kyle Walker-Peters,ENG,DF,Southampton,27,32.4,44,29,0.8333333333333334,19,90,1,1.3580246913580247,0.8950617283950618,0.5864197530864198,0.0257201646090535,0.0308641975308642,34.4
541,542,Christian Walton,ENG,GK,Ipswich Town,28,7.0,0,0,0.0,0,2,1,0.0,0.0,0.0,0.0,0.14285714285714285,100.0
542,543,Aaron Wan-Bissaka,ENG,DF,West Ham,26,35.0,70,49,1.0571428571428572,66,125,0,2.0,1.4,1.8857142857142857,0.030204081632653063,0.0,40.0
543,544,Danny Ward,WAL,GK,Leicester City,31,1.5,0,0,0.0,0,1,0,0.0,0.0,0.0,0.0,0.0,0.0
544,545,Joel Ward,ENG,DF,Crystal Palace,34,0.8,2,0,0.0,0,3,0,2.5,0.0,0.0,0.0,0.0,100.0
545,546,James Ward-Prowse,ENG,MF,West Ham,29,11.5,20,14,0.5217391304347826,8,15,0,1.7391304347826086,1.2173913043478262,0.6956521739130435,0.04536862003780718,0.0,66.7
546,547,James Ward-Prowse,ENG,MF,Nott'ham Forest,29,4.4,4,1,0.6818181818181818,5,8,0,0.9090909090909091,0.22727272727272727,1.1363636363636362,0.1549586776859504,0.0,37.5
547,548,Ollie Watkins,ENG,FW,Aston Villa,28,28.9,10,7,0.3806228373702422,8,15,2,0.34602076124567477,0.24221453287197234,0.2768166089965398,0.013170340393433988,0.06920415224913495,42.3
548,549,Adam Webster,ENG,DF,Brighton,29,9.9,10,6,1.6161616161616161,20,41,2,1.0101010101010102,0.6060606060606061,2.0202020202020203,0.16324864809713294,0.20202020202020202,80.0
549,550,Danny Welbeck,ENG,FW,Brighton,33,23.5,26,16,0.8085106382978723,5,14,0,1.1063829787234043,0.6808510638297872,0.2127659574468085,0.034404708012675415,0.0,34.7
550,551,Welington,BRA,DF,Southampton,23,5.4,21,9,0.9259259259259258,7,36,0,3.888888888888889,1.6666666666666665,1.2962962962962963,0.17146776406035663,0.0,55.6
551,552,Timo Werner,GER,"FW,MF",Tottenham,28,5.7,6,4,1.7543859649122806,1,7,0,1.0526315789473684,0.7017543859649122,0.17543859649122806,0.30778701138811937,0.0,0.0
552,553,Adam Wharton,ENG,MF,Crystal Palace,20,14.6,34,14,0.7534246575342466,20,27,0,2.328767123287671,0.9589041095890412,1.36986301369863,0.051604428598236066,0.0,30.4
553,554,Ben White,ENG,DF,Arsenal,26,13.3,20,14,0.7518796992481203,16,44,0,1.5037593984962405,1.0526315789473684,1.2030075187969924,0.05653230821414438,0.0,66.7
554,555,Mats Wieffer,NED,"DF,MF",Brighton,24,11.3,58,34,1.5929203539823007,17,28,3,5.132743362831858,3.0088495575221237,1.5044247787610618,0.14096640300728325,0.2654867256637168,56.1
555,556,Neco Williams,WAL,DF,Nott'ham Forest,23,28.8,90,57,1.4583333333333333,31,137,3,3.125,1.9791666666666665,1.0763888888888888,0.05063657407407407,0.10416666666666666,57.1
556,557,Willian,BRA,"FW,MF",Fulham,35,2.9,4,2,0.0,1,1,0,1.3793103448275863,0.6896551724137931,0.3448275862068966,0.0,0.0,25.0
557,558,Joe Willock,ENG,"MF,FW",Newcastle Utd,24,12.1,30,17,1.9834710743801653,6,7,0,2.479338842975207,1.4049586776859504,0.49586776859504134,0.16392322928761696,0.0,26.3
558,559,Callum Wilson,ENG,FW,Newcastle Utd,32,4.1,2,2,0.48780487804878053,1,1,0,0.48780487804878053,0.48780487804878053,0.24390243902439027,0.11897679952409282,0.0,11.1
559,560,Harry Wilson,WAL,"FW,MF",Fulham,27,12.9,20,14,1.1627906976744187,7,10,1,1.5503875968992247,1.0852713178294573,0.5426356589147286,0.09013881377321074,0.07751937984496124,20.0
560,561,Harry Winks,ENG,MF,Leicester City,28,17.1,24,11,1.111111111111111,9,20,0,1.4035087719298245,0.6432748538011696,0.5263157894736842,0.06497725795971408,0.0,57.1
561,562,Ben Winterburn,ENG,"MF,FW",Bournemouth,19,0.3,0,0,0.0,2,0,0,0.0,0.0,6.666666666666667,0.0,0.0,100.0
562,563,Yoane Wissa,COD,FW,Brentford,27,32.4,22,12,0.8950617283950618,8,21,3,0.6790123456790124,0.3703703703703704,0.2469135802469136,0.027625361987501908,0.0925925925925926,45.5
563,564,Chris Wood,NZL,FW,Nott'ham Forest,32,32.9,6,5,0.364741641337386,5,29,1,0.182370820668693,0.1519756838905775,0.1519756838905775,0.011086372077124195,0.030395136778115502,39.7
564,565,Nathan Wood-Gordon,ENG,DF,Southampton,22,8.6,14,8,1.0465116279069768,5,39,2,1.627906976744186,0.9302325581395349,0.5813953488372093,0.12168739859383453,0.23255813953488372,65.2
565,566,Luke Woolfenden,ENG,DF,Ipswich Town,25,13.2,9,6,1.590909090909091,19,76,0,0.6818181818181819,0.4545454545454546,1.4393939393939394,0.12052341597796144,0.0,50.0
566,567,Yehor Yarmoliuk,UKR,MF,Brentford,20,16.1,49,28,1.6149068322981366,13,33,0,3.043478260869565,1.7391304347826086,0.8074534161490683,0.10030477219243084,0.0,44.4
567,568,Ryan Yates,ENG,MF,Nott'ham Forest,26,21.3,42,21,1.784037558685446,26,61,1,1.971830985915493,0.9859154929577465,1.220657276995305,0.08375763186316648,0.046948356807511735,60.0
568,569,Leny Yoro,FRA,DF,Manchester Utd,18,12.9,29,11,0.38759689922480617,18,43,0,2.248062015503876,0.8527131782945736,1.3953488372093024,0.03004627125773691,0.0,50.0
569,570,Ashley Young,ENG,DF,Everton,39,20.8,58,33,0.673076923076923,25,64,2,2.7884615384615383,1.5865384615384615,1.2019230769230769,0.0323594674556213,0.09615384615384615,47.6
570,571,Illia Zabarnyi,UKR,DF,Bournemouth,21,34.5,52,36,0.9565217391304348,41,182,2,1.5072463768115942,1.0434782608695652,1.1884057971014492,0.027725267800882167,0.057971014492753624,63.6
571,572,Oleksandr Zinchenko,UKR,"DF,MF",Arsenal,27,5.9,6,1,1.3559322033898304,5,10,0,1.0169491525423728,0.1694915254237288,0.847457627118644,0.22981901752370007,0.0,52.2
572,573,Joshua Zirkzee,NED,"FW,MF",Manchester Utd,23,15.6,14,8,0.9615384615384616,6,8,1,0.8974358974358975,0.5128205128205129,0.38461538461538464,0.0616370808678501,0.06410256410256411,28.0
573,574,Martin Ødegaard,NOR,MF,Arsenal,25,25.8,19,11,0.19379844961240308,6,6,1,0.7364341085271318,0.4263565891472868,0.23255813953488372,0.007511567814434228,0.03875968992248062,53.3
